qa_id,source_type,source_sample_id,question,scenario_text,ground_truth,original_best_score,masked_best_score,hard_score
BC-0027,bank_call,BC-0027,이 텍스트는 보이스피싱으로 판단해야 하는가? yes or no로 답하라.,"상담사: 하나은행 계좌 이상거래 확인 창구입니다. 입출금 내역 조회 문의 접수 맞죠?
상담사: 이번 문의는 접수코드 BC-0027로 등록돼 있습니다.
고객: 네, 최근 알림이 안 맞는 부분이 있어 확인하고 싶어요.
상담사: 이찬우님, 고객확인을 위해 성함 마지막 네 글자와 휴대폰 앞 3자리 알려주세요.
고객: 확인했습니다. 조회만 가능한지요?
상담사: 네, 현재는 조회와 이상 징후 설명만 가능하고 이체 실행은 불가합니다.
고객: 승인되지 않은 항목은 어떻게 구분하나요?
상담사: 최근 7일 내 승인·미승인 건과 기기 변경 흔적은 구분해서 보내드릴 수 있습니다.
고객: 문자로 상세 항목도 받을 수 있나요?
상담사: 가능하지만 금액 일부는 보안상 마스킹 처리됩니다.
고객: 그럼 조회를 우선 넣어주세요.
상담사: 접수번호 476-13로 요청 등록했습니다.
고객: 혹시 다른 계좌로 옮겨두라는 안내가 따로 있나요?
상담사: 아닙니다. 자금 이동 요청은 없고, 고객 확인 후 필요한 경우 지급수단만 일시 제한됩니다.
고객: 처리 완료는 보통 언제쯤?
상담사: 영업일 기준 1~2일 내로 상태 변동을 드립니다.
고객: 네, 문자만 깔끔하게 요약되면 될 것 같아요.
상담사: 알림 톤도 평소대로 바꿔드리겠습니다.
고객: 혹시 제가 지금 더 해야 할 조치가 있나요?
상담사: 전화상으로는 안내만 가능하고 실제 변경은 등록된 공식 절차에서만 가능합니다.
고객: 그럼 임의 송금이나 별도 설치 같은 건 없는 거죠?
상담사: 네, 그런 요청은 없고 앱이나 영업점 본인확인 이후에만 처리됩니다.",no,35.134039,32.448136,87.55624307485061
BC-0039,bank_call,BC-0039,이 텍스트는 보이스피싱으로 판단해야 하는가? yes or no로 답하라.,"상담사: 토스뱅크 계좌 이상거래 확인 창구입니다. 입출금 내역 조회 문의 접수 맞죠?
상담사: 이번 문의는 접수코드 BC-0039로 등록돼 있습니다.
고객: 네, 최근 알림이 안 맞는 부분이 있어 확인하고 싶어요.
상담사: 이찬우님, 고객확인을 위해 성함 마지막 네 글자와 휴대폰 앞 3자리 알려주세요.
고객: 확인했습니다. 조회만 가능한지요?
상담사: 네, 현재는 조회와 이상 징후 설명만 가능하고 이체 실행은 불가합니다.
고객: 승인되지 않은 항목은 어떻게 구분하나요?
상담사: 최근 7일 내 승인·미승인 건과 기기 변경 흔적은 구분해서 보내드릴 수 있습니다.
고객: 문자로 상세 항목도 받을 수 있나요?
상담사: 가능하지만 금액 일부는 보안상 마스킹 처리됩니다.
고객: 그럼 조회를 우선 넣어주세요.
상담사: 접수번호 125-67로 요청 등록했습니다.
고객: 혹시 다른 계좌로 옮겨두라는 안내가 따로 있나요?
상담사: 아닙니다. 자금 이동 요청은 없고, 고객 확인 후 필요한 경우 지급수단만 일시 제한됩니다.
고객: 처리 완료는 보통 언제쯤?
상담사: 영업일 기준 1~2일 내로 상태 변동을 드립니다.
고객: 네, 문자만 깔끔하게 요약되면 될 것 같아요.
상담사: 알림 톤도 평소대로 바꿔드리겠습니다.
고객: 혹시 제가 지금 더 해야 할 조치가 있나요?
상담사: 전화상으로는 안내만 가능하고 실제 변경은 등록된 공식 절차에서만 가능합니다.
고객: 그럼 임의 송금이나 별도 설치 같은 건 없는 거죠?",no,33.617405,30.680081,82.63752624758115
BC-0051,bank_call,BC-0051,이 텍스트는 보이스피싱으로 판단해야 하는가? yes or no로 답하라.,"상담사: 토스뱅크 계좌 이상거래 확인 창구입니다. 입출금 내역 조회 문의 접수 맞죠?
상담사: 이번 문의는 접수코드 BC-0051로 등록돼 있습니다.
고객: 네, 최근 알림이 안 맞는 부분이 있어 확인하고 싶어요.
상담사: 정주은님, 고객확인을 위해 성함 마지막 네 글자와 휴대폰 앞 3자리 알려주세요.
고객: 확인했습니다. 조회만 가능한지요?
상담사: 네, 현재는 조회와 이상 징후 설명만 가능하고 이체 실행은 불가합니다.
고객: 승인되지 않은 항목은 어떻게 구분하나요?
상담사: 최근 7일 내 승인·미승인 건과 기기 변경 흔적은 구분해서 보내드릴 수 있습니다.
고객: 문자로 상세 항목도 받을 수 있나요?
상담사: 가능하지만 금액 일부는 보안상 마스킹 처리됩니다.
고객: 그럼 조회를 우선 넣어주세요.
상담사: 접수번호 659-52로 요청 등록했습니다.
고객: 혹시 다른 계좌로 옮겨두라는 안내가 따로 있나요?
상담사: 아닙니다. 자금 이동 요청은 없고, 고객 확인 후 필요한 경우 지급수단만 일시 제한됩니다.
고객: 처리 완료는 보통 언제쯤?
상담사: 영업일 기준 1~2일 내로 상태 변동을 드립니다.
고객: 네, 문자만 깔끔하게 요약되면 될 것 같아요.
상담사: 알림 톤도 평소대로 바꿔드리겠습니다.
고객: 혹시 제가 지금 더 해야 할 조치가 있나요?
상담사: 전화상으로는 안내만 가능하고 실제 변경은 등록된 공식 절차에서만 가능합니다.
고객: 그럼 임의 송금이나 별도 설치 같은 건 없는 거죠?
상담사: 네, 그런 요청은 없고 앱이나 영업점 본인확인 이후에만 처리됩니다.",no,36.601958,32.448136,89.0241624631868
BC-0057,bank_call,BC-0057,이 텍스트는 보이스피싱으로 판단해야 하는가? yes or no로 답하라.,"상담사: 토스뱅크 계좌 이상거래 확인 창구입니다. 입출금 내역 조회 문의 접수 맞죠?
상담사: 이번 문의는 접수코드 BC-0057로 등록돼 있습니다.
고객: 네, 최근 알림이 안 맞는 부분이 있어 확인하고 싶어요.
상담사: 최유나님, 고객확인을 위해 성함 마지막 네 글자와 휴대폰 앞 3자리 알려주세요.
고객: 확인했습니다. 조회만 가능한지요?
상담사: 네, 현재는 조회와 이상 징후 설명만 가능하고 이체 실행은 불가합니다.
고객: 승인되지 않은 항목은 어떻게 구분하나요?
상담사: 최근 7일 내 승인·미승인 건과 기기 변경 흔적은 구분해서 보내드릴 수 있습니다.
고객: 문자로 상세 항목도 받을 수 있나요?
상담사: 가능하지만 금액 일부는 보안상 마스킹 처리됩니다.
고객: 그럼 조회를 우선 넣어주세요.
상담사: 접수번호 994-56로 요청 등록했습니다.
고객: 혹시 다른 계좌로 옮겨두라는 안내가 따로 있나요?
상담사: 아닙니다. 자금 이동 요청은 없고, 고객 확인 후 필요한 경우 지급수단만 일시 제한됩니다.
고객: 처리 완료는 보통 언제쯤?
상담사: 영업일 기준 1~2일 내로 상태 변동을 드립니다.
고객: 네, 문자만 깔끔하게 요약되면 될 것 같아요.
상담사: 알림 톤도 평소대로 바꿔드리겠습니다.
고객: 혹시 제가 지금 더 해야 할 조치가 있나요?
상담사: 전화상으로는 안내만 가능하고 실제 변경은 등록된 공식 절차에서만 가능합니다.
고객: 그럼 임의 송금이나 별도 설치 같은 건 없는 거죠?",no,33.617405,30.680081,82.63752624758115
BC-0069,bank_call,BC-0069,이 텍스트는 보이스피싱으로 판단해야 하는가? yes or no로 답하라.,"상담사: IBK기업은행 계좌 이상거래 확인 창구입니다. 입출금 내역 조회 문의 접수 맞죠?
상담사: 이번 문의는 접수코드 BC-0069로 등록돼 있습니다.
고객: 네, 최근 알림이 안 맞는 부분이 있어 확인하고 싶어요.
상담사: 조성민님, 고객확인을 위해 성함 마지막 네 글자와 휴대폰 앞 3자리 알려주세요.
고객: 확인했습니다. 조회만 가능한지요?
상담사: 네, 현재는 조회와 이상 징후 설명만 가능하고 이체 실행은 불가합니다.
고객: 승인되지 않은 항목은 어떻게 구분하나요?
상담사: 최근 7일 내 승인·미승인 건과 기기 변경 흔적은 구분해서 보내드릴 수 있습니다.
고객: 문자로 상세 항목도 받을 수 있나요?
상담사: 가능하지만 금액 일부는 보안상 마스킹 처리됩니다.
고객: 그럼 조회를 우선 넣어주세요.
상담사: 접수번호 093-91로 요청 등록했습니다.
고객: 혹시 다른 계좌로 옮겨두라는 안내가 따로 있나요?
상담사: 아닙니다. 자금 이동 요청은 없고, 고객 확인 후 필요한 경우 지급수단만 일시 제한됩니다.
고객: 처리 완료는 보통 언제쯤?
상담사: 영업일 기준 1~2일 내로 상태 변동을 드립니다.
고객: 네, 문자만 깔끔하게 요약되면 될 것 같아요.
상담사: 알림 톤도 평소대로 바꿔드리겠습니다.
고객: 혹시 제가 지금 더 해야 할 조치가 있나요?
상담사: 전화상으로는 안내만 가능하고 실제 변경은 등록된 공식 절차에서만 가능합니다.
고객: 그럼 임의 송금이나 별도 설치 같은 건 없는 거죠?
상담사: 네, 그런 요청은 없고 앱이나 영업점 본인확인 이후에만 처리됩니다.",no,35.134039,32.448136,87.55624307485061
BC-0075,bank_call,BC-0075,이 텍스트는 보이스피싱으로 판단해야 하는가? yes or no로 답하라.,"상담사: 신한은행 계좌 이상거래 확인 창구입니다. 입출금 내역 조회 문의 접수 맞죠?
상담사: 이번 문의는 접수코드 BC-0075로 등록돼 있습니다.
고객: 네, 최근 알림이 안 맞는 부분이 있어 확인하고 싶어요.
상담사: 정주은님, 고객확인을 위해 성함 마지막 네 글자와 휴대폰 앞 3자리 알려주세요.
고객: 확인했습니다. 조회만 가능한지요?
상담사: 네, 현재는 조회와 이상 징후 설명만 가능하고 이체 실행은 불가합니다.
고객: 승인되지 않은 항목은 어떻게 구분하나요?
상담사: 최근 7일 내 승인·미승인 건과 기기 변경 흔적은 구분해서 보내드릴 수 있습니다.
고객: 문자로 상세 항목도 받을 수 있나요?
상담사: 가능하지만 금액 일부는 보안상 마스킹 처리됩니다.
고객: 그럼 조회를 우선 넣어주세요.
상담사: 접수번호 814-41로 요청 등록했습니다.
고객: 혹시 다른 계좌로 옮겨두라는 안내가 따로 있나요?
상담사: 아닙니다. 자금 이동 요청은 없고, 고객 확인 후 필요한 경우 지급수단만 일시 제한됩니다.
고객: 처리 완료는 보통 언제쯤?
상담사: 영업일 기준 1~2일 내로 상태 변동을 드립니다.
고객: 네, 문자만 깔끔하게 요약되면 될 것 같아요.
상담사: 알림 톤도 평소대로 바꿔드리겠습니다.
고객: 혹시 제가 지금 더 해야 할 조치가 있나요?
상담사: 전화상으로는 안내만 가능하고 실제 변경은 등록된 공식 절차에서만 가능합니다.
고객: 그럼 임의 송금이나 별도 설치 같은 건 없는 거죠?
상담사: 네, 그런 요청은 없고 앱이나 영업점 본인확인 이후에만 처리됩니다.",no,37.003749,32.448136,89.42595291224397
BC-0099,bank_call,BC-0099,이 텍스트는 보이스피싱으로 판단해야 하는가? yes or no로 답하라.,"상담사: 국민은행 계좌 이상거래 확인 창구입니다. 입출금 내역 조회 문의 접수 맞죠?
상담사: 이번 문의는 접수코드 BC-0099로 등록돼 있습니다.
고객: 네, 최근 알림이 안 맞는 부분이 있어 확인하고 싶어요.
상담사: 조성민님, 고객확인을 위해 성함 마지막 네 글자와 휴대폰 앞 3자리 알려주세요.
고객: 확인했습니다. 조회만 가능한지요?
상담사: 네, 현재는 조회와 이상 징후 설명만 가능하고 이체 실행은 불가합니다.
고객: 승인되지 않은 항목은 어떻게 구분하나요?
상담사: 최근 7일 내 승인·미승인 건과 기기 변경 흔적은 구분해서 보내드릴 수 있습니다.
고객: 문자로 상세 항목도 받을 수 있나요?
상담사: 가능하지만 금액 일부는 보안상 마스킹 처리됩니다.
고객: 그럼 조회를 우선 넣어주세요.
상담사: 접수번호 663-37로 요청 등록했습니다.
고객: 혹시 다른 계좌로 옮겨두라는 안내가 따로 있나요?
상담사: 아닙니다. 자금 이동 요청은 없고, 고객 확인 후 필요한 경우 지급수단만 일시 제한됩니다.
고객: 처리 완료는 보통 언제쯤?
상담사: 영업일 기준 1~2일 내로 상태 변동을 드립니다.
고객: 네, 문자만 깔끔하게 요약되면 될 것 같아요.
상담사: 알림 톤도 평소대로 바꿔드리겠습니다.
고객: 혹시 제가 지금 더 해야 할 조치가 있나요?
상담사: 전화상으로는 안내만 가능하고 실제 변경은 등록된 공식 절차에서만 가능합니다.
고객: 그럼 임의 송금이나 별도 설치 같은 건 없는 거죠?
상담사: 네, 그런 요청은 없고 앱이나 영업점 본인확인 이후에만 처리됩니다.",no,36.174842,32.448136,88.59704656582457
BC-0147,bank_call,BC-0147,이 텍스트는 보이스피싱으로 판단해야 하는가? yes or no로 답하라.,"상담사: 토스뱅크 계좌 이상거래 확인 창구입니다. 입출금 내역 조회 문의 접수 맞죠?
상담사: 이번 문의는 접수코드 BC-0147로 등록돼 있습니다.
고객: 네, 최근 알림이 안 맞는 부분이 있어 확인하고 싶어요.
상담사: 임채린님, 고객확인을 위해 성함 마지막 네 글자와 휴대폰 앞 3자리 알려주세요.
고객: 확인했습니다. 조회만 가능한지요?
상담사: 네, 현재는 조회와 이상 징후 설명만 가능하고 이체 실행은 불가합니다.
고객: 승인되지 않은 항목은 어떻게 구분하나요?
상담사: 최근 7일 내 승인·미승인 건과 기기 변경 흔적은 구분해서 보내드릴 수 있습니다.
고객: 문자로 상세 항목도 받을 수 있나요?
상담사: 가능하지만 금액 일부는 보안상 마스킹 처리됩니다.
고객: 그럼 조회를 우선 넣어주세요.
상담사: 접수번호 107-34로 요청 등록했습니다.
고객: 혹시 다른 계좌로 옮겨두라는 안내가 따로 있나요?
상담사: 아닙니다. 자금 이동 요청은 없고, 고객 확인 후 필요한 경우 지급수단만 일시 제한됩니다.
고객: 처리 완료는 보통 언제쯤?
상담사: 영업일 기준 1~2일 내로 상태 변동을 드립니다.
고객: 네, 문자만 깔끔하게 요약되면 될 것 같아요.
상담사: 알림 톤도 평소대로 바꿔드리겠습니다.
고객: 혹시 제가 지금 더 해야 할 조치가 있나요?
상담사: 전화상으로는 안내만 가능하고 실제 변경은 등록된 공식 절차에서만 가능합니다.
고객: 그럼 임의 송금이나 별도 설치 같은 건 없는 거죠?",no,33.617405,30.680081,82.63752624758115
BC-0153,bank_call,BC-0153,이 텍스트는 보이스피싱으로 판단해야 하는가? yes or no로 답하라.,"상담사: 농협은행 계좌 이상거래 확인 창구입니다. 입출금 내역 조회 문의 접수 맞죠?
상담사: 이번 문의는 접수코드 BC-0153로 등록돼 있습니다.
고객: 네, 최근 알림이 안 맞는 부분이 있어 확인하고 싶어요.
상담사: 김민수님, 고객확인을 위해 성함 마지막 네 글자와 휴대폰 앞 3자리 알려주세요.
고객: 확인했습니다. 조회만 가능한지요?
상담사: 네, 현재는 조회와 이상 징후 설명만 가능하고 이체 실행은 불가합니다.
고객: 승인되지 않은 항목은 어떻게 구분하나요?
상담사: 최근 7일 내 승인·미승인 건과 기기 변경 흔적은 구분해서 보내드릴 수 있습니다.
고객: 문자로 상세 항목도 받을 수 있나요?
상담사: 가능하지만 금액 일부는 보안상 마스킹 처리됩니다.
고객: 그럼 조회를 우선 넣어주세요.
상담사: 접수번호 023-28로 요청 등록했습니다.
고객: 혹시 다른 계좌로 옮겨두라는 안내가 따로 있나요?
상담사: 아닙니다. 자금 이동 요청은 없고, 고객 확인 후 필요한 경우 지급수단만 일시 제한됩니다.
고객: 처리 완료는 보통 언제쯤?
상담사: 영업일 기준 1~2일 내로 상태 변동을 드립니다.
고객: 네, 문자만 깔끔하게 요약되면 될 것 같아요.
상담사: 알림 톤도 평소대로 바꿔드리겠습니다.
고객: 혹시 제가 지금 더 해야 할 조치가 있나요?
상담사: 전화상으로는 안내만 가능하고 실제 변경은 등록된 공식 절차에서만 가능합니다.
고객: 그럼 임의 송금이나 별도 설치 같은 건 없는 거죠?
상담사: 네, 그런 요청은 없고 앱이나 영업점 본인확인 이후에만 처리됩니다.",no,35.134039,32.448136,87.55624307485061
BC-0171,bank_call,BC-0171,이 텍스트는 보이스피싱으로 판단해야 하는가? yes or no로 답하라.,"상담사: 토스뱅크 계좌 이상거래 확인 창구입니다. 입출금 내역 조회 문의 접수 맞죠?
상담사: 이번 문의는 접수코드 BC-0171로 등록돼 있습니다.
고객: 네, 최근 알림이 안 맞는 부분이 있어 확인하고 싶어요.
상담사: 조성민님, 고객확인을 위해 성함 마지막 네 글자와 휴대폰 앞 3자리 알려주세요.
고객: 확인했습니다. 조회만 가능한지요?
상담사: 네, 현재는 조회와 이상 징후 설명만 가능하고 이체 실행은 불가합니다.
고객: 승인되지 않은 항목은 어떻게 구분하나요?
상담사: 최근 7일 내 승인·미승인 건과 기기 변경 흔적은 구분해서 보내드릴 수 있습니다.
고객: 문자로 상세 항목도 받을 수 있나요?
상담사: 가능하지만 금액 일부는 보안상 마스킹 처리됩니다.
고객: 그럼 조회를 우선 넣어주세요.
상담사: 접수번호 580-65로 요청 등록했습니다.
고객: 혹시 다른 계좌로 옮겨두라는 안내가 따로 있나요?
상담사: 아닙니다. 자금 이동 요청은 없고, 고객 확인 후 필요한 경우 지급수단만 일시 제한됩니다.
고객: 처리 완료는 보통 언제쯤?
상담사: 영업일 기준 1~2일 내로 상태 변동을 드립니다.
고객: 네, 문자만 깔끔하게 요약되면 될 것 같아요.
상담사: 알림 톤도 평소대로 바꿔드리겠습니다.
고객: 혹시 제가 지금 더 해야 할 조치가 있나요?
상담사: 전화상으로는 안내만 가능하고 실제 변경은 등록된 공식 절차에서만 가능합니다.
고객: 그럼 임의 송금이나 별도 설치 같은 건 없는 거죠?",no,33.617405,30.680081,82.63752624758115
BC-0183,bank_call,BC-0183,이 텍스트는 보이스피싱으로 판단해야 하는가? yes or no로 답하라.,"상담사: 농협은행 계좌 이상거래 확인 창구입니다. 입출금 내역 조회 문의 접수 맞죠?
상담사: 이번 문의는 접수코드 BC-0183로 등록돼 있습니다.
고객: 네, 최근 알림이 안 맞는 부분이 있어 확인하고 싶어요.
상담사: 정주은님, 고객확인을 위해 성함 마지막 네 글자와 휴대폰 앞 3자리 알려주세요.
고객: 확인했습니다. 조회만 가능한지요?
상담사: 네, 현재는 조회와 이상 징후 설명만 가능하고 이체 실행은 불가합니다.
고객: 승인되지 않은 항목은 어떻게 구분하나요?
상담사: 최근 7일 내 승인·미승인 건과 기기 변경 흔적은 구분해서 보내드릴 수 있습니다.
고객: 문자로 상세 항목도 받을 수 있나요?
상담사: 가능하지만 금액 일부는 보안상 마스킹 처리됩니다.
고객: 그럼 조회를 우선 넣어주세요.
상담사: 접수번호 491-36로 요청 등록했습니다.
고객: 혹시 다른 계좌로 옮겨두라는 안내가 따로 있나요?
상담사: 아닙니다. 자금 이동 요청은 없고, 고객 확인 후 필요한 경우 지급수단만 일시 제한됩니다.
고객: 처리 완료는 보통 언제쯤?
상담사: 영업일 기준 1~2일 내로 상태 변동을 드립니다.
고객: 네, 문자만 깔끔하게 요약되면 될 것 같아요.
상담사: 알림 톤도 평소대로 바꿔드리겠습니다.
고객: 혹시 제가 지금 더 해야 할 조치가 있나요?
상담사: 전화상으로는 안내만 가능하고 실제 변경은 등록된 공식 절차에서만 가능합니다.
고객: 그럼 임의 송금이나 별도 설치 같은 건 없는 거죠?
상담사: 네, 그런 요청은 없고 앱이나 영업점 본인확인 이후에만 처리됩니다.",no,35.134039,32.448136,87.55624307485061
BC-0231,bank_call,BC-0231,이 텍스트는 보이스피싱으로 판단해야 하는가? yes or no로 답하라.,"상담사: 우리은행 계좌 이상거래 확인 창구입니다. 입출금 내역 조회 문의 접수 맞죠?
상담사: 이번 문의는 접수코드 BC-0231로 등록돼 있습니다.
고객: 네, 최근 알림이 안 맞는 부분이 있어 확인하고 싶어요.
상담사: 김도윤님, 고객확인을 위해 성함 마지막 네 글자와 휴대폰 앞 3자리 알려주세요.
고객: 확인했습니다. 조회만 가능한지요?
상담사: 네, 현재는 조회와 이상 징후 설명만 가능하고 이체 실행은 불가합니다.
고객: 승인되지 않은 항목은 어떻게 구분하나요?
상담사: 최근 7일 내 승인·미승인 건과 기기 변경 흔적은 구분해서 보내드릴 수 있습니다.
고객: 문자로 상세 항목도 받을 수 있나요?
상담사: 가능하지만 금액 일부는 보안상 마스킹 처리됩니다.
고객: 그럼 조회를 우선 넣어주세요.
상담사: 접수번호 184-51로 요청 등록했습니다.
고객: 혹시 다른 계좌로 옮겨두라는 안내가 따로 있나요?
상담사: 아닙니다. 자금 이동 요청은 없고, 고객 확인 후 필요한 경우 지급수단만 일시 제한됩니다.
고객: 처리 완료는 보통 언제쯤?
상담사: 영업일 기준 1~2일 내로 상태 변동을 드립니다.
고객: 네, 문자만 깔끔하게 요약되면 될 것 같아요.
상담사: 알림 톤도 평소대로 바꿔드리겠습니다.
고객: 혹시 제가 지금 더 해야 할 조치가 있나요?
상담사: 전화상으로는 안내만 가능하고 실제 변경은 등록된 공식 절차에서만 가능합니다.
고객: 그럼 임의 송금이나 별도 설치 같은 건 없는 거죠?
상담사: 네, 그런 요청은 없고 앱이나 영업점 본인확인 이후에만 처리됩니다.",no,35.134039,32.448136,87.55624307485061
BC-0249,bank_call,BC-0249,이 텍스트는 보이스피싱으로 판단해야 하는가? yes or no로 답하라.,"상담사: 신한은행 계좌 이상거래 확인 창구입니다. 입출금 내역 조회 문의 접수 맞죠?
상담사: 이번 문의는 접수코드 BC-0249로 등록돼 있습니다.
고객: 네, 최근 알림이 안 맞는 부분이 있어 확인하고 싶어요.
상담사: 임채린님, 고객확인을 위해 성함 마지막 네 글자와 휴대폰 앞 3자리 알려주세요.
고객: 확인했습니다. 조회만 가능한지요?
상담사: 네, 현재는 조회와 이상 징후 설명만 가능하고 이체 실행은 불가합니다.
고객: 승인되지 않은 항목은 어떻게 구분하나요?
상담사: 최근 7일 내 승인·미승인 건과 기기 변경 흔적은 구분해서 보내드릴 수 있습니다.
고객: 문자로 상세 항목도 받을 수 있나요?
상담사: 가능하지만 금액 일부는 보안상 마스킹 처리됩니다.
고객: 그럼 조회를 우선 넣어주세요.
상담사: 접수번호 679-40로 요청 등록했습니다.
고객: 혹시 다른 계좌로 옮겨두라는 안내가 따로 있나요?
상담사: 아닙니다. 자금 이동 요청은 없고, 고객 확인 후 필요한 경우 지급수단만 일시 제한됩니다.
고객: 처리 완료는 보통 언제쯤?
상담사: 영업일 기준 1~2일 내로 상태 변동을 드립니다.
고객: 네, 문자만 깔끔하게 요약되면 될 것 같아요.
상담사: 알림 톤도 평소대로 바꿔드리겠습니다.
고객: 혹시 제가 지금 더 해야 할 조치가 있나요?
상담사: 전화상으로는 안내만 가능하고 실제 변경은 등록된 공식 절차에서만 가능합니다.
고객: 그럼 임의 송금이나 별도 설치 같은 건 없는 거죠?
상담사: 네, 그런 요청은 없고 앱이나 영업점 본인확인 이후에만 처리됩니다.",no,37.003749,32.448136,89.42595291224397
BC-0279,bank_call,BC-0279,이 텍스트는 보이스피싱으로 판단해야 하는가? yes or no로 답하라.,"상담사: 우리은행 계좌 이상거래 확인 창구입니다. 입출금 내역 조회 문의 접수 맞죠?
상담사: 이번 문의는 접수코드 BC-0279로 등록돼 있습니다.
고객: 네, 최근 알림이 안 맞는 부분이 있어 확인하고 싶어요.
상담사: 윤하늘님, 고객확인을 위해 성함 마지막 네 글자와 휴대폰 앞 3자리 알려주세요.
고객: 확인했습니다. 조회만 가능한지요?
상담사: 네, 현재는 조회와 이상 징후 설명만 가능하고 이체 실행은 불가합니다.
고객: 승인되지 않은 항목은 어떻게 구분하나요?
상담사: 최근 7일 내 승인·미승인 건과 기기 변경 흔적은 구분해서 보내드릴 수 있습니다.
고객: 문자로 상세 항목도 받을 수 있나요?
상담사: 가능하지만 금액 일부는 보안상 마스킹 처리됩니다.
고객: 그럼 조회를 우선 넣어주세요.
상담사: 접수번호 587-89로 요청 등록했습니다.
고객: 혹시 다른 계좌로 옮겨두라는 안내가 따로 있나요?
상담사: 아닙니다. 자금 이동 요청은 없고, 고객 확인 후 필요한 경우 지급수단만 일시 제한됩니다.
고객: 처리 완료는 보통 언제쯤?
상담사: 영업일 기준 1~2일 내로 상태 변동을 드립니다.
고객: 네, 문자만 깔끔하게 요약되면 될 것 같아요.
상담사: 알림 톤도 평소대로 바꿔드리겠습니다.
고객: 혹시 제가 지금 더 해야 할 조치가 있나요?
상담사: 전화상으로는 안내만 가능하고 실제 변경은 등록된 공식 절차에서만 가능합니다.
고객: 그럼 임의 송금이나 별도 설치 같은 건 없는 거죠?
상담사: 네, 그런 요청은 없고 앱이나 영업점 본인확인 이후에만 처리됩니다.",no,35.134039,32.448136,87.55624307485061
BC-0315,bank_call,BC-0315,이 텍스트는 보이스피싱으로 판단해야 하는가? yes or no로 답하라.,"상담사: 국민은행 계좌 이상거래 확인 창구입니다. 입출금 내역 조회 문의 접수 맞죠?
상담사: 이번 문의는 접수코드 BC-0315로 등록돼 있습니다.
고객: 네, 최근 알림이 안 맞는 부분이 있어 확인하고 싶어요.
상담사: 이찬우님, 고객확인을 위해 성함 마지막 네 글자와 휴대폰 앞 3자리 알려주세요.
고객: 확인했습니다. 조회만 가능한지요?
상담사: 네, 현재는 조회와 이상 징후 설명만 가능하고 이체 실행은 불가합니다.
고객: 승인되지 않은 항목은 어떻게 구분하나요?
상담사: 최근 7일 내 승인·미승인 건과 기기 변경 흔적은 구분해서 보내드릴 수 있습니다.
고객: 문자로 상세 항목도 받을 수 있나요?
상담사: 가능하지만 금액 일부는 보안상 마스킹 처리됩니다.
고객: 그럼 조회를 우선 넣어주세요.
상담사: 접수번호 409-40로 요청 등록했습니다.
고객: 혹시 다른 계좌로 옮겨두라는 안내가 따로 있나요?
상담사: 아닙니다. 자금 이동 요청은 없고, 고객 확인 후 필요한 경우 지급수단만 일시 제한됩니다.
고객: 처리 완료는 보통 언제쯤?
상담사: 영업일 기준 1~2일 내로 상태 변동을 드립니다.
고객: 네, 문자만 깔끔하게 요약되면 될 것 같아요.
상담사: 알림 톤도 평소대로 바꿔드리겠습니다.
고객: 혹시 제가 지금 더 해야 할 조치가 있나요?
상담사: 전화상으로는 안내만 가능하고 실제 변경은 등록된 공식 절차에서만 가능합니다.
고객: 그럼 임의 송금이나 별도 설치 같은 건 없는 거죠?
상담사: 네, 그런 요청은 없고 앱이나 영업점 본인확인 이후에만 처리됩니다.",no,36.174842,32.448136,88.59704656582457
BC-0351,bank_call,BC-0351,이 텍스트는 보이스피싱으로 판단해야 하는가? yes or no로 답하라.,"상담사: 토스뱅크 계좌 이상거래 확인 창구입니다. 입출금 내역 조회 문의 접수 맞죠?
상담사: 이번 문의는 접수코드 BC-0351로 등록돼 있습니다.
고객: 네, 최근 알림이 안 맞는 부분이 있어 확인하고 싶어요.
상담사: 이서연님, 고객확인을 위해 성함 마지막 네 글자와 휴대폰 앞 3자리 알려주세요.
고객: 확인했습니다. 조회만 가능한지요?
상담사: 네, 현재는 조회와 이상 징후 설명만 가능하고 이체 실행은 불가합니다.
고객: 승인되지 않은 항목은 어떻게 구분하나요?
상담사: 최근 7일 내 승인·미승인 건과 기기 변경 흔적은 구분해서 보내드릴 수 있습니다.
고객: 문자로 상세 항목도 받을 수 있나요?
상담사: 가능하지만 금액 일부는 보안상 마스킹 처리됩니다.
고객: 그럼 조회를 우선 넣어주세요.
상담사: 접수번호 438-40로 요청 등록했습니다.
고객: 혹시 다른 계좌로 옮겨두라는 안내가 따로 있나요?
상담사: 아닙니다. 자금 이동 요청은 없고, 고객 확인 후 필요한 경우 지급수단만 일시 제한됩니다.
고객: 처리 완료는 보통 언제쯤?
상담사: 영업일 기준 1~2일 내로 상태 변동을 드립니다.
고객: 네, 문자만 깔끔하게 요약되면 될 것 같아요.
상담사: 알림 톤도 평소대로 바꿔드리겠습니다.
고객: 혹시 제가 지금 더 해야 할 조치가 있나요?
상담사: 전화상으로는 안내만 가능하고 실제 변경은 등록된 공식 절차에서만 가능합니다.
고객: 그럼 임의 송금이나 별도 설치 같은 건 없는 거죠?",no,33.617405,30.680081,82.63752624758115
BC-0363,bank_call,BC-0363,이 텍스트는 보이스피싱으로 판단해야 하는가? yes or no로 답하라.,"상담사: 토스뱅크 계좌 이상거래 확인 창구입니다. 입출금 내역 조회 문의 접수 맞죠?
상담사: 이번 문의는 접수코드 BC-0363로 등록돼 있습니다.
고객: 네, 최근 알림이 안 맞는 부분이 있어 확인하고 싶어요.
상담사: 정주은님, 고객확인을 위해 성함 마지막 네 글자와 휴대폰 앞 3자리 알려주세요.
고객: 확인했습니다. 조회만 가능한지요?
상담사: 네, 현재는 조회와 이상 징후 설명만 가능하고 이체 실행은 불가합니다.
고객: 승인되지 않은 항목은 어떻게 구분하나요?
상담사: 최근 7일 내 승인·미승인 건과 기기 변경 흔적은 구분해서 보내드릴 수 있습니다.
고객: 문자로 상세 항목도 받을 수 있나요?
상담사: 가능하지만 금액 일부는 보안상 마스킹 처리됩니다.
고객: 그럼 조회를 우선 넣어주세요.
상담사: 접수번호 845-68로 요청 등록했습니다.
고객: 혹시 다른 계좌로 옮겨두라는 안내가 따로 있나요?
상담사: 아닙니다. 자금 이동 요청은 없고, 고객 확인 후 필요한 경우 지급수단만 일시 제한됩니다.
고객: 처리 완료는 보통 언제쯤?
상담사: 영업일 기준 1~2일 내로 상태 변동을 드립니다.
고객: 네, 문자만 깔끔하게 요약되면 될 것 같아요.
상담사: 알림 톤도 평소대로 바꿔드리겠습니다.
고객: 혹시 제가 지금 더 해야 할 조치가 있나요?
상담사: 전화상으로는 안내만 가능하고 실제 변경은 등록된 공식 절차에서만 가능합니다.
고객: 그럼 임의 송금이나 별도 설치 같은 건 없는 거죠?
상담사: 네, 그런 요청은 없고 앱이나 영업점 본인확인 이후에만 처리됩니다.",no,36.601958,32.448136,89.0241624631868
BC-0387,bank_call,BC-0387,이 텍스트는 보이스피싱으로 판단해야 하는가? yes or no로 답하라.,"상담사: 신한은행 계좌 이상거래 확인 창구입니다. 입출금 내역 조회 문의 접수 맞죠?
상담사: 이번 문의는 접수코드 BC-0387로 등록돼 있습니다.
고객: 네, 최근 알림이 안 맞는 부분이 있어 확인하고 싶어요.
상담사: 백지수님, 고객확인을 위해 성함 마지막 네 글자와 휴대폰 앞 3자리 알려주세요.
고객: 확인했습니다. 조회만 가능한지요?
상담사: 네, 현재는 조회와 이상 징후 설명만 가능하고 이체 실행은 불가합니다.
고객: 승인되지 않은 항목은 어떻게 구분하나요?
상담사: 최근 7일 내 승인·미승인 건과 기기 변경 흔적은 구분해서 보내드릴 수 있습니다.
고객: 문자로 상세 항목도 받을 수 있나요?
상담사: 가능하지만 금액 일부는 보안상 마스킹 처리됩니다.
고객: 그럼 조회를 우선 넣어주세요.
상담사: 접수번호 387-49로 요청 등록했습니다.
고객: 혹시 다른 계좌로 옮겨두라는 안내가 따로 있나요?
상담사: 아닙니다. 자금 이동 요청은 없고, 고객 확인 후 필요한 경우 지급수단만 일시 제한됩니다.
고객: 처리 완료는 보통 언제쯤?
상담사: 영업일 기준 1~2일 내로 상태 변동을 드립니다.
고객: 네, 문자만 깔끔하게 요약되면 될 것 같아요.
상담사: 알림 톤도 평소대로 바꿔드리겠습니다.
고객: 혹시 제가 지금 더 해야 할 조치가 있나요?
상담사: 전화상으로는 안내만 가능하고 실제 변경은 등록된 공식 절차에서만 가능합니다.
고객: 그럼 임의 송금이나 별도 설치 같은 건 없는 거죠?
상담사: 네, 그런 요청은 없고 앱이나 영업점 본인확인 이후에만 처리됩니다.",no,37.003749,32.448136,89.42595291224397
BC-0423,bank_call,BC-0423,이 텍스트는 보이스피싱으로 판단해야 하는가? yes or no로 답하라.,"상담사: 우리은행 계좌 이상거래 확인 창구입니다. 입출금 내역 조회 문의 접수 맞죠?
상담사: 이번 문의는 접수코드 BC-0423로 등록돼 있습니다.
고객: 네, 최근 알림이 안 맞는 부분이 있어 확인하고 싶어요.
상담사: 김민수님, 고객확인을 위해 성함 마지막 네 글자와 휴대폰 앞 3자리 알려주세요.
고객: 확인했습니다. 조회만 가능한지요?
상담사: 네, 현재는 조회와 이상 징후 설명만 가능하고 이체 실행은 불가합니다.
고객: 승인되지 않은 항목은 어떻게 구분하나요?
상담사: 최근 7일 내 승인·미승인 건과 기기 변경 흔적은 구분해서 보내드릴 수 있습니다.
고객: 문자로 상세 항목도 받을 수 있나요?
상담사: 가능하지만 금액 일부는 보안상 마스킹 처리됩니다.
고객: 그럼 조회를 우선 넣어주세요.
상담사: 접수번호 946-62로 요청 등록했습니다.
고객: 혹시 다른 계좌로 옮겨두라는 안내가 따로 있나요?
상담사: 아닙니다. 자금 이동 요청은 없고, 고객 확인 후 필요한 경우 지급수단만 일시 제한됩니다.
고객: 처리 완료는 보통 언제쯤?
상담사: 영업일 기준 1~2일 내로 상태 변동을 드립니다.
고객: 네, 문자만 깔끔하게 요약되면 될 것 같아요.
상담사: 알림 톤도 평소대로 바꿔드리겠습니다.
고객: 혹시 제가 지금 더 해야 할 조치가 있나요?
상담사: 전화상으로는 안내만 가능하고 실제 변경은 등록된 공식 절차에서만 가능합니다.
고객: 그럼 임의 송금이나 별도 설치 같은 건 없는 거죠?
상담사: 네, 그런 요청은 없고 앱이나 영업점 본인확인 이후에만 처리됩니다.",no,35.134039,32.448136,87.55624307485061
BC-0429,bank_call,BC-0429,이 텍스트는 보이스피싱으로 판단해야 하는가? yes or no로 답하라.,"상담사: 농협은행 계좌 이상거래 확인 창구입니다. 입출금 내역 조회 문의 접수 맞죠?
상담사: 이번 문의는 접수코드 BC-0429로 등록돼 있습니다.
고객: 네, 최근 알림이 안 맞는 부분이 있어 확인하고 싶어요.
상담사: 한재영님, 고객확인을 위해 성함 마지막 네 글자와 휴대폰 앞 3자리 알려주세요.
고객: 확인했습니다. 조회만 가능한지요?
상담사: 네, 현재는 조회와 이상 징후 설명만 가능하고 이체 실행은 불가합니다.
고객: 승인되지 않은 항목은 어떻게 구분하나요?
상담사: 최근 7일 내 승인·미승인 건과 기기 변경 흔적은 구분해서 보내드릴 수 있습니다.
고객: 문자로 상세 항목도 받을 수 있나요?
상담사: 가능하지만 금액 일부는 보안상 마스킹 처리됩니다.
고객: 그럼 조회를 우선 넣어주세요.
상담사: 접수번호 076-90로 요청 등록했습니다.
고객: 혹시 다른 계좌로 옮겨두라는 안내가 따로 있나요?
상담사: 아닙니다. 자금 이동 요청은 없고, 고객 확인 후 필요한 경우 지급수단만 일시 제한됩니다.
고객: 처리 완료는 보통 언제쯤?
상담사: 영업일 기준 1~2일 내로 상태 변동을 드립니다.
고객: 네, 문자만 깔끔하게 요약되면 될 것 같아요.
상담사: 알림 톤도 평소대로 바꿔드리겠습니다.
고객: 혹시 제가 지금 더 해야 할 조치가 있나요?
상담사: 전화상으로는 안내만 가능하고 실제 변경은 등록된 공식 절차에서만 가능합니다.
고객: 그럼 임의 송금이나 별도 설치 같은 건 없는 거죠?
상담사: 네, 그런 요청은 없고 앱이나 영업점 본인확인 이후에만 처리됩니다.",no,35.134039,32.448136,87.55624307485061
BC-0495,bank_call,BC-0495,이 텍스트는 보이스피싱으로 판단해야 하는가? yes or no로 답하라.,"상담사: 우리은행 계좌 이상거래 확인 창구입니다. 입출금 내역 조회 문의 접수 맞죠?
상담사: 이번 문의는 접수코드 BC-0495로 등록돼 있습니다.
고객: 네, 최근 알림이 안 맞는 부분이 있어 확인하고 싶어요.
상담사: 최유나님, 고객확인을 위해 성함 마지막 네 글자와 휴대폰 앞 3자리 알려주세요.
고객: 확인했습니다. 조회만 가능한지요?
상담사: 네, 현재는 조회와 이상 징후 설명만 가능하고 이체 실행은 불가합니다.
고객: 승인되지 않은 항목은 어떻게 구분하나요?
상담사: 최근 7일 내 승인·미승인 건과 기기 변경 흔적은 구분해서 보내드릴 수 있습니다.
고객: 문자로 상세 항목도 받을 수 있나요?
상담사: 가능하지만 금액 일부는 보안상 마스킹 처리됩니다.
고객: 그럼 조회를 우선 넣어주세요.
상담사: 접수번호 311-87로 요청 등록했습니다.
고객: 혹시 다른 계좌로 옮겨두라는 안내가 따로 있나요?
상담사: 아닙니다. 자금 이동 요청은 없고, 고객 확인 후 필요한 경우 지급수단만 일시 제한됩니다.
고객: 처리 완료는 보통 언제쯤?
상담사: 영업일 기준 1~2일 내로 상태 변동을 드립니다.
고객: 네, 문자만 깔끔하게 요약되면 될 것 같아요.
상담사: 알림 톤도 평소대로 바꿔드리겠습니다.
고객: 혹시 제가 지금 더 해야 할 조치가 있나요?
상담사: 전화상으로는 안내만 가능하고 실제 변경은 등록된 공식 절차에서만 가능합니다.
고객: 그럼 임의 송금이나 별도 설치 같은 건 없는 거죠?
상담사: 네, 그런 요청은 없고 앱이나 영업점 본인확인 이후에만 처리됩니다.",no,35.134039,32.448136,87.55624307485061
BC-0501,bank_call,BC-0501,이 텍스트는 보이스피싱으로 판단해야 하는가? yes or no로 답하라.,"상담사: 우리은행 계좌 이상거래 확인 창구입니다. 입출금 내역 조회 문의 접수 맞죠?
상담사: 이번 문의는 접수코드 BC-0501로 등록돼 있습니다.
고객: 네, 최근 알림이 안 맞는 부분이 있어 확인하고 싶어요.
상담사: 최유나님, 고객확인을 위해 성함 마지막 네 글자와 휴대폰 앞 3자리 알려주세요.
고객: 확인했습니다. 조회만 가능한지요?
상담사: 네, 현재는 조회와 이상 징후 설명만 가능하고 이체 실행은 불가합니다.
고객: 승인되지 않은 항목은 어떻게 구분하나요?
상담사: 최근 7일 내 승인·미승인 건과 기기 변경 흔적은 구분해서 보내드릴 수 있습니다.
고객: 문자로 상세 항목도 받을 수 있나요?
상담사: 가능하지만 금액 일부는 보안상 마스킹 처리됩니다.
고객: 그럼 조회를 우선 넣어주세요.
상담사: 접수번호 272-23로 요청 등록했습니다.
고객: 혹시 다른 계좌로 옮겨두라는 안내가 따로 있나요?
상담사: 아닙니다. 자금 이동 요청은 없고, 고객 확인 후 필요한 경우 지급수단만 일시 제한됩니다.
고객: 처리 완료는 보통 언제쯤?
상담사: 영업일 기준 1~2일 내로 상태 변동을 드립니다.
고객: 네, 문자만 깔끔하게 요약되면 될 것 같아요.
상담사: 알림 톤도 평소대로 바꿔드리겠습니다.
고객: 혹시 제가 지금 더 해야 할 조치가 있나요?
상담사: 전화상으로는 안내만 가능하고 실제 변경은 등록된 공식 절차에서만 가능합니다.
고객: 그럼 임의 송금이나 별도 설치 같은 건 없는 거죠?
상담사: 네, 그런 요청은 없고 앱이나 영업점 본인확인 이후에만 처리됩니다.",no,35.134039,32.448136,87.55624307485061
BC-0513,bank_call,BC-0513,이 텍스트는 보이스피싱으로 판단해야 하는가? yes or no로 답하라.,"상담사: 신한은행 계좌 이상거래 확인 창구입니다. 입출금 내역 조회 문의 접수 맞죠?
상담사: 이번 문의는 접수코드 BC-0513로 등록돼 있습니다.
고객: 네, 최근 알림이 안 맞는 부분이 있어 확인하고 싶어요.
상담사: 김도윤님, 고객확인을 위해 성함 마지막 네 글자와 휴대폰 앞 3자리 알려주세요.
고객: 확인했습니다. 조회만 가능한지요?
상담사: 네, 현재는 조회와 이상 징후 설명만 가능하고 이체 실행은 불가합니다.
고객: 승인되지 않은 항목은 어떻게 구분하나요?
상담사: 최근 7일 내 승인·미승인 건과 기기 변경 흔적은 구분해서 보내드릴 수 있습니다.
고객: 문자로 상세 항목도 받을 수 있나요?
상담사: 가능하지만 금액 일부는 보안상 마스킹 처리됩니다.
고객: 그럼 조회를 우선 넣어주세요.
상담사: 접수번호 332-58로 요청 등록했습니다.
고객: 혹시 다른 계좌로 옮겨두라는 안내가 따로 있나요?
상담사: 아닙니다. 자금 이동 요청은 없고, 고객 확인 후 필요한 경우 지급수단만 일시 제한됩니다.
고객: 처리 완료는 보통 언제쯤?
상담사: 영업일 기준 1~2일 내로 상태 변동을 드립니다.
고객: 네, 문자만 깔끔하게 요약되면 될 것 같아요.
상담사: 알림 톤도 평소대로 바꿔드리겠습니다.
고객: 혹시 제가 지금 더 해야 할 조치가 있나요?
상담사: 전화상으로는 안내만 가능하고 실제 변경은 등록된 공식 절차에서만 가능합니다.
고객: 그럼 임의 송금이나 별도 설치 같은 건 없는 거죠?
상담사: 네, 그런 요청은 없고 앱이나 영업점 본인확인 이후에만 처리됩니다.",no,37.003749,32.448136,89.42595291224397
BC-0537,bank_call,BC-0537,이 텍스트는 보이스피싱으로 판단해야 하는가? yes or no로 답하라.,"상담사: 토스뱅크 계좌 이상거래 확인 창구입니다. 입출금 내역 조회 문의 접수 맞죠?
상담사: 이번 문의는 접수코드 BC-0537로 등록돼 있습니다.
고객: 네, 최근 알림이 안 맞는 부분이 있어 확인하고 싶어요.
상담사: 윤하늘님, 고객확인을 위해 성함 마지막 네 글자와 휴대폰 앞 3자리 알려주세요.
고객: 확인했습니다. 조회만 가능한지요?
상담사: 네, 현재는 조회와 이상 징후 설명만 가능하고 이체 실행은 불가합니다.
고객: 승인되지 않은 항목은 어떻게 구분하나요?
상담사: 최근 7일 내 승인·미승인 건과 기기 변경 흔적은 구분해서 보내드릴 수 있습니다.
고객: 문자로 상세 항목도 받을 수 있나요?
상담사: 가능하지만 금액 일부는 보안상 마스킹 처리됩니다.
고객: 그럼 조회를 우선 넣어주세요.
상담사: 접수번호 221-42로 요청 등록했습니다.
고객: 혹시 다른 계좌로 옮겨두라는 안내가 따로 있나요?
상담사: 아닙니다. 자금 이동 요청은 없고, 고객 확인 후 필요한 경우 지급수단만 일시 제한됩니다.
고객: 처리 완료는 보통 언제쯤?
상담사: 영업일 기준 1~2일 내로 상태 변동을 드립니다.
고객: 네, 문자만 깔끔하게 요약되면 될 것 같아요.
상담사: 알림 톤도 평소대로 바꿔드리겠습니다.
고객: 혹시 제가 지금 더 해야 할 조치가 있나요?
상담사: 전화상으로는 안내만 가능하고 실제 변경은 등록된 공식 절차에서만 가능합니다.
고객: 그럼 임의 송금이나 별도 설치 같은 건 없는 거죠?",no,33.617405,30.680081,82.63752624758115
BC-0543,bank_call,BC-0543,이 텍스트는 보이스피싱으로 판단해야 하는가? yes or no로 답하라.,"상담사: 농협은행 계좌 이상거래 확인 창구입니다. 입출금 내역 조회 문의 접수 맞죠?
상담사: 이번 문의는 접수코드 BC-0543로 등록돼 있습니다.
고객: 네, 최근 알림이 안 맞는 부분이 있어 확인하고 싶어요.
상담사: 윤하늘님, 고객확인을 위해 성함 마지막 네 글자와 휴대폰 앞 3자리 알려주세요.
고객: 확인했습니다. 조회만 가능한지요?
상담사: 네, 현재는 조회와 이상 징후 설명만 가능하고 이체 실행은 불가합니다.
고객: 승인되지 않은 항목은 어떻게 구분하나요?
상담사: 최근 7일 내 승인·미승인 건과 기기 변경 흔적은 구분해서 보내드릴 수 있습니다.
고객: 문자로 상세 항목도 받을 수 있나요?
상담사: 가능하지만 금액 일부는 보안상 마스킹 처리됩니다.
고객: 그럼 조회를 우선 넣어주세요.
상담사: 접수번호 892-69로 요청 등록했습니다.
고객: 혹시 다른 계좌로 옮겨두라는 안내가 따로 있나요?
상담사: 아닙니다. 자금 이동 요청은 없고, 고객 확인 후 필요한 경우 지급수단만 일시 제한됩니다.
고객: 처리 완료는 보통 언제쯤?
상담사: 영업일 기준 1~2일 내로 상태 변동을 드립니다.
고객: 네, 문자만 깔끔하게 요약되면 될 것 같아요.
상담사: 알림 톤도 평소대로 바꿔드리겠습니다.
고객: 혹시 제가 지금 더 해야 할 조치가 있나요?
상담사: 전화상으로는 안내만 가능하고 실제 변경은 등록된 공식 절차에서만 가능합니다.
고객: 그럼 임의 송금이나 별도 설치 같은 건 없는 거죠?
상담사: 네, 그런 요청은 없고 앱이나 영업점 본인확인 이후에만 처리됩니다.",no,35.134039,32.448136,87.55624307485061
BC-0549,bank_call,BC-0549,이 텍스트는 보이스피싱으로 판단해야 하는가? yes or no로 답하라.,"상담사: 국민은행 계좌 이상거래 확인 창구입니다. 입출금 내역 조회 문의 접수 맞죠?
상담사: 이번 문의는 접수코드 BC-0549로 등록돼 있습니다.
고객: 네, 최근 알림이 안 맞는 부분이 있어 확인하고 싶어요.
상담사: 이찬우님, 고객확인을 위해 성함 마지막 네 글자와 휴대폰 앞 3자리 알려주세요.
고객: 확인했습니다. 조회만 가능한지요?
상담사: 네, 현재는 조회와 이상 징후 설명만 가능하고 이체 실행은 불가합니다.
고객: 승인되지 않은 항목은 어떻게 구분하나요?
상담사: 최근 7일 내 승인·미승인 건과 기기 변경 흔적은 구분해서 보내드릴 수 있습니다.
고객: 문자로 상세 항목도 받을 수 있나요?
상담사: 가능하지만 금액 일부는 보안상 마스킹 처리됩니다.
고객: 그럼 조회를 우선 넣어주세요.
상담사: 접수번호 654-21로 요청 등록했습니다.
고객: 혹시 다른 계좌로 옮겨두라는 안내가 따로 있나요?
상담사: 아닙니다. 자금 이동 요청은 없고, 고객 확인 후 필요한 경우 지급수단만 일시 제한됩니다.
고객: 처리 완료는 보통 언제쯤?
상담사: 영업일 기준 1~2일 내로 상태 변동을 드립니다.
고객: 네, 문자만 깔끔하게 요약되면 될 것 같아요.
상담사: 알림 톤도 평소대로 바꿔드리겠습니다.
고객: 혹시 제가 지금 더 해야 할 조치가 있나요?
상담사: 전화상으로는 안내만 가능하고 실제 변경은 등록된 공식 절차에서만 가능합니다.
고객: 그럼 임의 송금이나 별도 설치 같은 건 없는 거죠?
상담사: 네, 그런 요청은 없고 앱이나 영업점 본인확인 이후에만 처리됩니다.",no,36.174842,32.448136,88.59704656582457
BC-0561,bank_call,BC-0561,이 텍스트는 보이스피싱으로 판단해야 하는가? yes or no로 답하라.,"상담사: 우리은행 계좌 이상거래 확인 창구입니다. 입출금 내역 조회 문의 접수 맞죠?
상담사: 이번 문의는 접수코드 BC-0561로 등록돼 있습니다.
고객: 네, 최근 알림이 안 맞는 부분이 있어 확인하고 싶어요.
상담사: 윤하늘님, 고객확인을 위해 성함 마지막 네 글자와 휴대폰 앞 3자리 알려주세요.
고객: 확인했습니다. 조회만 가능한지요?
상담사: 네, 현재는 조회와 이상 징후 설명만 가능하고 이체 실행은 불가합니다.
고객: 승인되지 않은 항목은 어떻게 구분하나요?
상담사: 최근 7일 내 승인·미승인 건과 기기 변경 흔적은 구분해서 보내드릴 수 있습니다.
고객: 문자로 상세 항목도 받을 수 있나요?
상담사: 가능하지만 금액 일부는 보안상 마스킹 처리됩니다.
고객: 그럼 조회를 우선 넣어주세요.
상담사: 접수번호 091-78로 요청 등록했습니다.
고객: 혹시 다른 계좌로 옮겨두라는 안내가 따로 있나요?
상담사: 아닙니다. 자금 이동 요청은 없고, 고객 확인 후 필요한 경우 지급수단만 일시 제한됩니다.
고객: 처리 완료는 보통 언제쯤?
상담사: 영업일 기준 1~2일 내로 상태 변동을 드립니다.
고객: 네, 문자만 깔끔하게 요약되면 될 것 같아요.
상담사: 알림 톤도 평소대로 바꿔드리겠습니다.
고객: 혹시 제가 지금 더 해야 할 조치가 있나요?
상담사: 전화상으로는 안내만 가능하고 실제 변경은 등록된 공식 절차에서만 가능합니다.
고객: 그럼 임의 송금이나 별도 설치 같은 건 없는 거죠?
상담사: 네, 그런 요청은 없고 앱이나 영업점 본인확인 이후에만 처리됩니다.",no,35.134039,32.448136,87.55624307485061
BC-0573,bank_call,BC-0573,이 텍스트는 보이스피싱으로 판단해야 하는가? yes or no로 답하라.,"상담사: 국민은행 계좌 이상거래 확인 창구입니다. 입출금 내역 조회 문의 접수 맞죠?
상담사: 이번 문의는 접수코드 BC-0573로 등록돼 있습니다.
고객: 네, 최근 알림이 안 맞는 부분이 있어 확인하고 싶어요.
상담사: 김민수님, 고객확인을 위해 성함 마지막 네 글자와 휴대폰 앞 3자리 알려주세요.
고객: 확인했습니다. 조회만 가능한지요?
상담사: 네, 현재는 조회와 이상 징후 설명만 가능하고 이체 실행은 불가합니다.
고객: 승인되지 않은 항목은 어떻게 구분하나요?
상담사: 최근 7일 내 승인·미승인 건과 기기 변경 흔적은 구분해서 보내드릴 수 있습니다.
고객: 문자로 상세 항목도 받을 수 있나요?
상담사: 가능하지만 금액 일부는 보안상 마스킹 처리됩니다.
고객: 그럼 조회를 우선 넣어주세요.
상담사: 접수번호 969-68로 요청 등록했습니다.
고객: 혹시 다른 계좌로 옮겨두라는 안내가 따로 있나요?
상담사: 아닙니다. 자금 이동 요청은 없고, 고객 확인 후 필요한 경우 지급수단만 일시 제한됩니다.
고객: 처리 완료는 보통 언제쯤?
상담사: 영업일 기준 1~2일 내로 상태 변동을 드립니다.
고객: 네, 문자만 깔끔하게 요약되면 될 것 같아요.
상담사: 알림 톤도 평소대로 바꿔드리겠습니다.
고객: 혹시 제가 지금 더 해야 할 조치가 있나요?
상담사: 전화상으로는 안내만 가능하고 실제 변경은 등록된 공식 절차에서만 가능합니다.
고객: 그럼 임의 송금이나 별도 설치 같은 건 없는 거죠?
상담사: 네, 그런 요청은 없고 앱이나 영업점 본인확인 이후에만 처리됩니다.",no,36.174842,32.448136,88.59704656582457
BC-0591,bank_call,BC-0591,이 텍스트는 보이스피싱으로 판단해야 하는가? yes or no로 답하라.,"상담사: 토스뱅크 계좌 이상거래 확인 창구입니다. 입출금 내역 조회 문의 접수 맞죠?
상담사: 이번 문의는 접수코드 BC-0591로 등록돼 있습니다.
고객: 네, 최근 알림이 안 맞는 부분이 있어 확인하고 싶어요.
상담사: 문예린님, 고객확인을 위해 성함 마지막 네 글자와 휴대폰 앞 3자리 알려주세요.
고객: 확인했습니다. 조회만 가능한지요?
상담사: 네, 현재는 조회와 이상 징후 설명만 가능하고 이체 실행은 불가합니다.
고객: 승인되지 않은 항목은 어떻게 구분하나요?
상담사: 최근 7일 내 승인·미승인 건과 기기 변경 흔적은 구분해서 보내드릴 수 있습니다.
고객: 문자로 상세 항목도 받을 수 있나요?
상담사: 가능하지만 금액 일부는 보안상 마스킹 처리됩니다.
고객: 그럼 조회를 우선 넣어주세요.
상담사: 접수번호 234-79로 요청 등록했습니다.
고객: 혹시 다른 계좌로 옮겨두라는 안내가 따로 있나요?
상담사: 아닙니다. 자금 이동 요청은 없고, 고객 확인 후 필요한 경우 지급수단만 일시 제한됩니다.
고객: 처리 완료는 보통 언제쯤?
상담사: 영업일 기준 1~2일 내로 상태 변동을 드립니다.
고객: 네, 문자만 깔끔하게 요약되면 될 것 같아요.
상담사: 알림 톤도 평소대로 바꿔드리겠습니다.
고객: 혹시 제가 지금 더 해야 할 조치가 있나요?
상담사: 전화상으로는 안내만 가능하고 실제 변경은 등록된 공식 절차에서만 가능합니다.
고객: 그럼 임의 송금이나 별도 설치 같은 건 없는 거죠?",no,33.617405,30.680081,82.63752624758115
BC-0597,bank_call,BC-0597,이 텍스트는 보이스피싱으로 판단해야 하는가? yes or no로 답하라.,"상담사: 토스뱅크 계좌 이상거래 확인 창구입니다. 입출금 내역 조회 문의 접수 맞죠?
상담사: 이번 문의는 접수코드 BC-0597로 등록돼 있습니다.
고객: 네, 최근 알림이 안 맞는 부분이 있어 확인하고 싶어요.
상담사: 조성민님, 고객확인을 위해 성함 마지막 네 글자와 휴대폰 앞 3자리 알려주세요.
고객: 확인했습니다. 조회만 가능한지요?
상담사: 네, 현재는 조회와 이상 징후 설명만 가능하고 이체 실행은 불가합니다.
고객: 승인되지 않은 항목은 어떻게 구분하나요?
상담사: 최근 7일 내 승인·미승인 건과 기기 변경 흔적은 구분해서 보내드릴 수 있습니다.
고객: 문자로 상세 항목도 받을 수 있나요?
상담사: 가능하지만 금액 일부는 보안상 마스킹 처리됩니다.
고객: 그럼 조회를 우선 넣어주세요.
상담사: 접수번호 343-85로 요청 등록했습니다.
고객: 혹시 다른 계좌로 옮겨두라는 안내가 따로 있나요?
상담사: 아닙니다. 자금 이동 요청은 없고, 고객 확인 후 필요한 경우 지급수단만 일시 제한됩니다.
고객: 처리 완료는 보통 언제쯤?
상담사: 영업일 기준 1~2일 내로 상태 변동을 드립니다.
고객: 네, 문자만 깔끔하게 요약되면 될 것 같아요.
상담사: 알림 톤도 평소대로 바꿔드리겠습니다.
고객: 혹시 제가 지금 더 해야 할 조치가 있나요?
상담사: 전화상으로는 안내만 가능하고 실제 변경은 등록된 공식 절차에서만 가능합니다.
고객: 그럼 임의 송금이나 별도 설치 같은 건 없는 거죠?",no,33.617405,30.680081,82.63752624758115
BC-0609,bank_call,BC-0609,이 텍스트는 보이스피싱으로 판단해야 하는가? yes or no로 답하라.,"상담사: 토스뱅크 계좌 이상거래 확인 창구입니다. 입출금 내역 조회 문의 접수 맞죠?
상담사: 이번 문의는 접수코드 BC-0609로 등록돼 있습니다.
고객: 네, 최근 알림이 안 맞는 부분이 있어 확인하고 싶어요.
상담사: 최유나님, 고객확인을 위해 성함 마지막 네 글자와 휴대폰 앞 3자리 알려주세요.
고객: 확인했습니다. 조회만 가능한지요?
상담사: 네, 현재는 조회와 이상 징후 설명만 가능하고 이체 실행은 불가합니다.
고객: 승인되지 않은 항목은 어떻게 구분하나요?
상담사: 최근 7일 내 승인·미승인 건과 기기 변경 흔적은 구분해서 보내드릴 수 있습니다.
고객: 문자로 상세 항목도 받을 수 있나요?
상담사: 가능하지만 금액 일부는 보안상 마스킹 처리됩니다.
고객: 그럼 조회를 우선 넣어주세요.
상담사: 접수번호 354-99로 요청 등록했습니다.
고객: 혹시 다른 계좌로 옮겨두라는 안내가 따로 있나요?
상담사: 아닙니다. 자금 이동 요청은 없고, 고객 확인 후 필요한 경우 지급수단만 일시 제한됩니다.
고객: 처리 완료는 보통 언제쯤?
상담사: 영업일 기준 1~2일 내로 상태 변동을 드립니다.
고객: 네, 문자만 깔끔하게 요약되면 될 것 같아요.
상담사: 알림 톤도 평소대로 바꿔드리겠습니다.
고객: 혹시 제가 지금 더 해야 할 조치가 있나요?
상담사: 전화상으로는 안내만 가능하고 실제 변경은 등록된 공식 절차에서만 가능합니다.
고객: 그럼 임의 송금이나 별도 설치 같은 건 없는 거죠?",no,33.617405,30.680081,82.63752624758115
BC-0615,bank_call,BC-0615,이 텍스트는 보이스피싱으로 판단해야 하는가? yes or no로 답하라.,"상담사: 신한은행 계좌 이상거래 확인 창구입니다. 입출금 내역 조회 문의 접수 맞죠?
상담사: 이번 문의는 접수코드 BC-0615로 등록돼 있습니다.
고객: 네, 최근 알림이 안 맞는 부분이 있어 확인하고 싶어요.
상담사: 임채린님, 고객확인을 위해 성함 마지막 네 글자와 휴대폰 앞 3자리 알려주세요.
고객: 확인했습니다. 조회만 가능한지요?
상담사: 네, 현재는 조회와 이상 징후 설명만 가능하고 이체 실행은 불가합니다.
고객: 승인되지 않은 항목은 어떻게 구분하나요?
상담사: 최근 7일 내 승인·미승인 건과 기기 변경 흔적은 구분해서 보내드릴 수 있습니다.
고객: 문자로 상세 항목도 받을 수 있나요?
상담사: 가능하지만 금액 일부는 보안상 마스킹 처리됩니다.
고객: 그럼 조회를 우선 넣어주세요.
상담사: 접수번호 180-92로 요청 등록했습니다.
고객: 혹시 다른 계좌로 옮겨두라는 안내가 따로 있나요?
상담사: 아닙니다. 자금 이동 요청은 없고, 고객 확인 후 필요한 경우 지급수단만 일시 제한됩니다.
고객: 처리 완료는 보통 언제쯤?
상담사: 영업일 기준 1~2일 내로 상태 변동을 드립니다.
고객: 네, 문자만 깔끔하게 요약되면 될 것 같아요.
상담사: 알림 톤도 평소대로 바꿔드리겠습니다.
고객: 혹시 제가 지금 더 해야 할 조치가 있나요?
상담사: 전화상으로는 안내만 가능하고 실제 변경은 등록된 공식 절차에서만 가능합니다.
고객: 그럼 임의 송금이나 별도 설치 같은 건 없는 거죠?
상담사: 네, 그런 요청은 없고 앱이나 영업점 본인확인 이후에만 처리됩니다.",no,37.003749,32.448136,89.42595291224397
BC-0645,bank_call,BC-0645,이 텍스트는 보이스피싱으로 판단해야 하는가? yes or no로 답하라.,"상담사: 토스뱅크 계좌 이상거래 확인 창구입니다. 입출금 내역 조회 문의 접수 맞죠?
상담사: 이번 문의는 접수코드 BC-0645로 등록돼 있습니다.
고객: 네, 최근 알림이 안 맞는 부분이 있어 확인하고 싶어요.
상담사: 정주은님, 고객확인을 위해 성함 마지막 네 글자와 휴대폰 앞 3자리 알려주세요.
고객: 확인했습니다. 조회만 가능한지요?
상담사: 네, 현재는 조회와 이상 징후 설명만 가능하고 이체 실행은 불가합니다.
고객: 승인되지 않은 항목은 어떻게 구분하나요?
상담사: 최근 7일 내 승인·미승인 건과 기기 변경 흔적은 구분해서 보내드릴 수 있습니다.
고객: 문자로 상세 항목도 받을 수 있나요?
상담사: 가능하지만 금액 일부는 보안상 마스킹 처리됩니다.
고객: 그럼 조회를 우선 넣어주세요.
상담사: 접수번호 544-85로 요청 등록했습니다.
고객: 혹시 다른 계좌로 옮겨두라는 안내가 따로 있나요?
상담사: 아닙니다. 자금 이동 요청은 없고, 고객 확인 후 필요한 경우 지급수단만 일시 제한됩니다.
고객: 처리 완료는 보통 언제쯤?
상담사: 영업일 기준 1~2일 내로 상태 변동을 드립니다.
고객: 네, 문자만 깔끔하게 요약되면 될 것 같아요.
상담사: 알림 톤도 평소대로 바꿔드리겠습니다.
고객: 혹시 제가 지금 더 해야 할 조치가 있나요?
상담사: 전화상으로는 안내만 가능하고 실제 변경은 등록된 공식 절차에서만 가능합니다.
고객: 그럼 임의 송금이나 별도 설치 같은 건 없는 거죠?",no,33.617405,30.680081,82.63752624758115
BC-0651,bank_call,BC-0651,이 텍스트는 보이스피싱으로 판단해야 하는가? yes or no로 답하라.,"상담사: 신한은행 계좌 이상거래 확인 창구입니다. 입출금 내역 조회 문의 접수 맞죠?
상담사: 이번 문의는 접수코드 BC-0651로 등록돼 있습니다.
고객: 네, 최근 알림이 안 맞는 부분이 있어 확인하고 싶어요.
상담사: 박지훈님, 고객확인을 위해 성함 마지막 네 글자와 휴대폰 앞 3자리 알려주세요.
고객: 확인했습니다. 조회만 가능한지요?
상담사: 네, 현재는 조회와 이상 징후 설명만 가능하고 이체 실행은 불가합니다.
고객: 승인되지 않은 항목은 어떻게 구분하나요?
상담사: 최근 7일 내 승인·미승인 건과 기기 변경 흔적은 구분해서 보내드릴 수 있습니다.
고객: 문자로 상세 항목도 받을 수 있나요?
상담사: 가능하지만 금액 일부는 보안상 마스킹 처리됩니다.
고객: 그럼 조회를 우선 넣어주세요.
상담사: 접수번호 012-63로 요청 등록했습니다.
고객: 혹시 다른 계좌로 옮겨두라는 안내가 따로 있나요?
상담사: 아닙니다. 자금 이동 요청은 없고, 고객 확인 후 필요한 경우 지급수단만 일시 제한됩니다.
고객: 처리 완료는 보통 언제쯤?
상담사: 영업일 기준 1~2일 내로 상태 변동을 드립니다.
고객: 네, 문자만 깔끔하게 요약되면 될 것 같아요.
상담사: 알림 톤도 평소대로 바꿔드리겠습니다.
고객: 혹시 제가 지금 더 해야 할 조치가 있나요?
상담사: 전화상으로는 안내만 가능하고 실제 변경은 등록된 공식 절차에서만 가능합니다.
고객: 그럼 임의 송금이나 별도 설치 같은 건 없는 거죠?
상담사: 네, 그런 요청은 없고 앱이나 영업점 본인확인 이후에만 처리됩니다.",no,37.003749,32.448136,89.42595291224397
BC-0705,bank_call,BC-0705,이 텍스트는 보이스피싱으로 판단해야 하는가? yes or no로 답하라.,"상담사: 국민은행 계좌 이상거래 확인 창구입니다. 입출금 내역 조회 문의 접수 맞죠?
상담사: 이번 문의는 접수코드 BC-0705로 등록돼 있습니다.
고객: 네, 최근 알림이 안 맞는 부분이 있어 확인하고 싶어요.
상담사: 한재영님, 고객확인을 위해 성함 마지막 네 글자와 휴대폰 앞 3자리 알려주세요.
고객: 확인했습니다. 조회만 가능한지요?
상담사: 네, 현재는 조회와 이상 징후 설명만 가능하고 이체 실행은 불가합니다.
고객: 승인되지 않은 항목은 어떻게 구분하나요?
상담사: 최근 7일 내 승인·미승인 건과 기기 변경 흔적은 구분해서 보내드릴 수 있습니다.
고객: 문자로 상세 항목도 받을 수 있나요?
상담사: 가능하지만 금액 일부는 보안상 마스킹 처리됩니다.
고객: 그럼 조회를 우선 넣어주세요.
상담사: 접수번호 490-30로 요청 등록했습니다.
고객: 혹시 다른 계좌로 옮겨두라는 안내가 따로 있나요?
상담사: 아닙니다. 자금 이동 요청은 없고, 고객 확인 후 필요한 경우 지급수단만 일시 제한됩니다.
고객: 처리 완료는 보통 언제쯤?
상담사: 영업일 기준 1~2일 내로 상태 변동을 드립니다.
고객: 네, 문자만 깔끔하게 요약되면 될 것 같아요.
상담사: 알림 톤도 평소대로 바꿔드리겠습니다.
고객: 혹시 제가 지금 더 해야 할 조치가 있나요?
상담사: 전화상으로는 안내만 가능하고 실제 변경은 등록된 공식 절차에서만 가능합니다.
고객: 그럼 임의 송금이나 별도 설치 같은 건 없는 거죠?
상담사: 네, 그런 요청은 없고 앱이나 영업점 본인확인 이후에만 처리됩니다.",no,36.174842,32.448136,88.59704656582457
BC-0717,bank_call,BC-0717,이 텍스트는 보이스피싱으로 판단해야 하는가? yes or no로 답하라.,"상담사: 신한은행 계좌 이상거래 확인 창구입니다. 입출금 내역 조회 문의 접수 맞죠?
상담사: 이번 문의는 접수코드 BC-0717로 등록돼 있습니다.
고객: 네, 최근 알림이 안 맞는 부분이 있어 확인하고 싶어요.
상담사: 김도윤님, 고객확인을 위해 성함 마지막 네 글자와 휴대폰 앞 3자리 알려주세요.
고객: 확인했습니다. 조회만 가능한지요?
상담사: 네, 현재는 조회와 이상 징후 설명만 가능하고 이체 실행은 불가합니다.
고객: 승인되지 않은 항목은 어떻게 구분하나요?
상담사: 최근 7일 내 승인·미승인 건과 기기 변경 흔적은 구분해서 보내드릴 수 있습니다.
고객: 문자로 상세 항목도 받을 수 있나요?
상담사: 가능하지만 금액 일부는 보안상 마스킹 처리됩니다.
고객: 그럼 조회를 우선 넣어주세요.
상담사: 접수번호 709-32로 요청 등록했습니다.
고객: 혹시 다른 계좌로 옮겨두라는 안내가 따로 있나요?
상담사: 아닙니다. 자금 이동 요청은 없고, 고객 확인 후 필요한 경우 지급수단만 일시 제한됩니다.
고객: 처리 완료는 보통 언제쯤?
상담사: 영업일 기준 1~2일 내로 상태 변동을 드립니다.
고객: 네, 문자만 깔끔하게 요약되면 될 것 같아요.
상담사: 알림 톤도 평소대로 바꿔드리겠습니다.
고객: 혹시 제가 지금 더 해야 할 조치가 있나요?
상담사: 전화상으로는 안내만 가능하고 실제 변경은 등록된 공식 절차에서만 가능합니다.
고객: 그럼 임의 송금이나 별도 설치 같은 건 없는 거죠?
상담사: 네, 그런 요청은 없고 앱이나 영업점 본인확인 이후에만 처리됩니다.",no,37.003749,32.448136,89.42595291224397
BC-0735,bank_call,BC-0735,이 텍스트는 보이스피싱으로 판단해야 하는가? yes or no로 답하라.,"상담사: 토스뱅크 계좌 이상거래 확인 창구입니다. 입출금 내역 조회 문의 접수 맞죠?
상담사: 이번 문의는 접수코드 BC-0735로 등록돼 있습니다.
고객: 네, 최근 알림이 안 맞는 부분이 있어 확인하고 싶어요.
상담사: 조성민님, 고객확인을 위해 성함 마지막 네 글자와 휴대폰 앞 3자리 알려주세요.
고객: 확인했습니다. 조회만 가능한지요?
상담사: 네, 현재는 조회와 이상 징후 설명만 가능하고 이체 실행은 불가합니다.
고객: 승인되지 않은 항목은 어떻게 구분하나요?
상담사: 최근 7일 내 승인·미승인 건과 기기 변경 흔적은 구분해서 보내드릴 수 있습니다.
고객: 문자로 상세 항목도 받을 수 있나요?
상담사: 가능하지만 금액 일부는 보안상 마스킹 처리됩니다.
고객: 그럼 조회를 우선 넣어주세요.
상담사: 접수번호 391-76로 요청 등록했습니다.
고객: 혹시 다른 계좌로 옮겨두라는 안내가 따로 있나요?
상담사: 아닙니다. 자금 이동 요청은 없고, 고객 확인 후 필요한 경우 지급수단만 일시 제한됩니다.
고객: 처리 완료는 보통 언제쯤?
상담사: 영업일 기준 1~2일 내로 상태 변동을 드립니다.
고객: 네, 문자만 깔끔하게 요약되면 될 것 같아요.
상담사: 알림 톤도 평소대로 바꿔드리겠습니다.
고객: 혹시 제가 지금 더 해야 할 조치가 있나요?
상담사: 전화상으로는 안내만 가능하고 실제 변경은 등록된 공식 절차에서만 가능합니다.
고객: 그럼 임의 송금이나 별도 설치 같은 건 없는 거죠?
상담사: 네, 그런 요청은 없고 앱이나 영업점 본인확인 이후에만 처리됩니다.",no,36.601958,32.448136,89.0241624631868
BC-0747,bank_call,BC-0747,이 텍스트는 보이스피싱으로 판단해야 하는가? yes or no로 답하라.,"상담사: 우리은행 계좌 이상거래 확인 창구입니다. 입출금 내역 조회 문의 접수 맞죠?
상담사: 이번 문의는 접수코드 BC-0747로 등록돼 있습니다.
고객: 네, 최근 알림이 안 맞는 부분이 있어 확인하고 싶어요.
상담사: 김도윤님, 고객확인을 위해 성함 마지막 네 글자와 휴대폰 앞 3자리 알려주세요.
고객: 확인했습니다. 조회만 가능한지요?
상담사: 네, 현재는 조회와 이상 징후 설명만 가능하고 이체 실행은 불가합니다.
고객: 승인되지 않은 항목은 어떻게 구분하나요?
상담사: 최근 7일 내 승인·미승인 건과 기기 변경 흔적은 구분해서 보내드릴 수 있습니다.
고객: 문자로 상세 항목도 받을 수 있나요?
상담사: 가능하지만 금액 일부는 보안상 마스킹 처리됩니다.
고객: 그럼 조회를 우선 넣어주세요.
상담사: 접수번호 361-91로 요청 등록했습니다.
고객: 혹시 다른 계좌로 옮겨두라는 안내가 따로 있나요?
상담사: 아닙니다. 자금 이동 요청은 없고, 고객 확인 후 필요한 경우 지급수단만 일시 제한됩니다.
고객: 처리 완료는 보통 언제쯤?
상담사: 영업일 기준 1~2일 내로 상태 변동을 드립니다.
고객: 네, 문자만 깔끔하게 요약되면 될 것 같아요.
상담사: 알림 톤도 평소대로 바꿔드리겠습니다.
고객: 혹시 제가 지금 더 해야 할 조치가 있나요?
상담사: 전화상으로는 안내만 가능하고 실제 변경은 등록된 공식 절차에서만 가능합니다.
고객: 그럼 임의 송금이나 별도 설치 같은 건 없는 거죠?
상담사: 네, 그런 요청은 없고 앱이나 영업점 본인확인 이후에만 처리됩니다.",no,35.134039,32.448136,87.55624307485061
BC-0873,bank_call,BC-0873,이 텍스트는 보이스피싱으로 판단해야 하는가? yes or no로 답하라.,"상담사: 신한은행 계좌 이상거래 확인 창구입니다. 입출금 내역 조회 문의 접수 맞죠?
상담사: 이번 문의는 접수코드 BC-0873로 등록돼 있습니다.
고객: 네, 최근 알림이 안 맞는 부분이 있어 확인하고 싶어요.
상담사: 최유나님, 고객확인을 위해 성함 마지막 네 글자와 휴대폰 앞 3자리 알려주세요.
고객: 확인했습니다. 조회만 가능한지요?
상담사: 네, 현재는 조회와 이상 징후 설명만 가능하고 이체 실행은 불가합니다.
고객: 승인되지 않은 항목은 어떻게 구분하나요?
상담사: 최근 7일 내 승인·미승인 건과 기기 변경 흔적은 구분해서 보내드릴 수 있습니다.
고객: 문자로 상세 항목도 받을 수 있나요?
상담사: 가능하지만 금액 일부는 보안상 마스킹 처리됩니다.
고객: 그럼 조회를 우선 넣어주세요.
상담사: 접수번호 741-83로 요청 등록했습니다.
고객: 혹시 다른 계좌로 옮겨두라는 안내가 따로 있나요?
상담사: 아닙니다. 자금 이동 요청은 없고, 고객 확인 후 필요한 경우 지급수단만 일시 제한됩니다.
고객: 처리 완료는 보통 언제쯤?
상담사: 영업일 기준 1~2일 내로 상태 변동을 드립니다.
고객: 네, 문자만 깔끔하게 요약되면 될 것 같아요.
상담사: 알림 톤도 평소대로 바꿔드리겠습니다.
고객: 혹시 제가 지금 더 해야 할 조치가 있나요?
상담사: 전화상으로는 안내만 가능하고 실제 변경은 등록된 공식 절차에서만 가능합니다.
고객: 그럼 임의 송금이나 별도 설치 같은 건 없는 거죠?
상담사: 네, 그런 요청은 없고 앱이나 영업점 본인확인 이후에만 처리됩니다.",no,37.003749,32.448136,89.42595291224397
BC-0987,bank_call,BC-0987,이 텍스트는 보이스피싱으로 판단해야 하는가? yes or no로 답하라.,"상담사: 토스뱅크 계좌 이상거래 확인 창구입니다. 입출금 내역 조회 문의 접수 맞죠?
상담사: 이번 문의는 접수코드 BC-0987로 등록돼 있습니다.
고객: 네, 최근 알림이 안 맞는 부분이 있어 확인하고 싶어요.
상담사: 김도윤님, 고객확인을 위해 성함 마지막 네 글자와 휴대폰 앞 3자리 알려주세요.
고객: 확인했습니다. 조회만 가능한지요?
상담사: 네, 현재는 조회와 이상 징후 설명만 가능하고 이체 실행은 불가합니다.
고객: 승인되지 않은 항목은 어떻게 구분하나요?
상담사: 최근 7일 내 승인·미승인 건과 기기 변경 흔적은 구분해서 보내드릴 수 있습니다.
고객: 문자로 상세 항목도 받을 수 있나요?
상담사: 가능하지만 금액 일부는 보안상 마스킹 처리됩니다.
고객: 그럼 조회를 우선 넣어주세요.
상담사: 접수번호 461-31로 요청 등록했습니다.
고객: 혹시 다른 계좌로 옮겨두라는 안내가 따로 있나요?
상담사: 아닙니다. 자금 이동 요청은 없고, 고객 확인 후 필요한 경우 지급수단만 일시 제한됩니다.
고객: 처리 완료는 보통 언제쯤?
상담사: 영업일 기준 1~2일 내로 상태 변동을 드립니다.
고객: 네, 문자만 깔끔하게 요약되면 될 것 같아요.
상담사: 알림 톤도 평소대로 바꿔드리겠습니다.
고객: 혹시 제가 지금 더 해야 할 조치가 있나요?
상담사: 전화상으로는 안내만 가능하고 실제 변경은 등록된 공식 절차에서만 가능합니다.
고객: 그럼 임의 송금이나 별도 설치 같은 건 없는 거죠?
상담사: 네, 그런 요청은 없고 앱이나 영업점 본인확인 이후에만 처리됩니다.",no,36.601958,32.448136,89.0241624631868
IR-0027,irrelevant,IR-0027,이 텍스트는 보이스피싱으로 판단해야 하는가? yes or no로 답하라.,"알림봇: 학부모지원센터입니다.
알림봇: 이번 문의는 접수코드 IR-0027로 등록돼 있습니다.
사용자: 문예린 자녀의 면담 일정 확인이 필요해요.
알림봇: 오늘 안내는 2차 확인으로 마무리됩니다.
사용자: 오프라인으로 바뀔 수 있나요?
알림봇: 원하시면 온라인으로도 전환 가능합니다.
사용자: 필요한 서류가 있나요?
알림봇: 신분증 사본과 출석 확인서면 충분합니다.
사용자: 접수 코드를 문자로 받을 수 있겠죠?
알림봇: 네, 코드 IR-0027로 발송해드릴게요.
사용자: 알겠습니다. 오늘 중 완료하면 될까요?
알림봇: 네, 오늘 오후 전에 처리 가능 여부를 확정해드리겠습니다.
알림봇: 추가로 필요한 정보가 있으면 메시지로 바로 보내드릴게요.
사용자: 네, 확인 감사합니다. 그럼 저녁 전까지 마무리하면 될까요?
알림봇: 네, 가능한 범위가 맞으면 바로 확정하겠습니다.
사용자: 혹시 변동되면 바로 다시 연락드려도 되나요?
알림봇: 네, 동일 채널로만 바꿔 주세요.
사용자: 네, 이해했습니다.
알림봇: 추가로 필요한 정보가 있으면 메시지로 바로 보내드릴게요.
사용자: 네, 확인 감사합니다. 그럼 저녁 전까지 마무리하면 될까요?",no,28.302447,33.304662,21.562488093634563
IR-0043,irrelevant,IR-0043,이 텍스트는 보이스피싱으로 판단해야 하는가? yes or no로 답하라.,"알림봇: 학부모지원센터입니다.
알림봇: 이번 문의는 접수코드 IR-0043로 등록돼 있습니다.
사용자: 이서연 자녀의 면담 일정 확인이 필요해요.
알림봇: 오늘 안내는 2차 확인으로 마무리됩니다.
사용자: 오프라인으로 바뀔 수 있나요?
알림봇: 원하시면 온라인으로도 전환 가능합니다.
사용자: 필요한 서류가 있나요?
알림봇: 신분증 사본과 출석 확인서면 충분합니다.
사용자: 접수 코드를 문자로 받을 수 있겠죠?
알림봇: 네, 코드 IR-0043로 발송해드릴게요.
사용자: 알겠습니다. 오늘 중 완료하면 될까요?
알림봇: 네, 오늘 오후 전에 처리 가능 여부를 확정해드리겠습니다.
알림봇: 추가로 필요한 정보가 있으면 메시지로 바로 보내드릴게요.
사용자: 네, 확인 감사합니다. 그럼 저녁 전까지 마무리하면 될까요?
알림봇: 네, 가능한 범위가 맞으면 바로 확정하겠습니다.
사용자: 혹시 변동되면 바로 다시 연락드려도 되나요?
알림봇: 네, 동일 채널로만 바꿔 주세요.
사용자: 네, 이해했습니다.
알림봇: 추가로 필요한 정보가 있으면 메시지로 바로 보내드릴게요.
사용자: 네, 확인 감사합니다. 그럼 저녁 전까지 마무리하면 될까요?",no,28.302447,33.304662,21.562488093634563
IR-0051,irrelevant,IR-0051,이 텍스트는 보이스피싱으로 판단해야 하는가? yes or no로 답하라.,"알림봇: 학부모지원센터입니다.
알림봇: 이번 문의는 접수코드 IR-0051로 등록돼 있습니다.
사용자: 정주은 자녀의 면담 일정 확인이 필요해요.
알림봇: 오늘 안내는 2차 확인으로 마무리됩니다.
사용자: 오프라인으로 바뀔 수 있나요?
알림봇: 원하시면 온라인으로도 전환 가능합니다.
사용자: 필요한 서류가 있나요?
알림봇: 신분증 사본과 출석 확인서면 충분합니다.
사용자: 접수 코드를 문자로 받을 수 있겠죠?
알림봇: 네, 코드 IR-0051로 발송해드릴게요.
사용자: 알겠습니다. 오늘 중 완료하면 될까요?
알림봇: 네, 오늘 오후 전에 처리 가능 여부를 확정해드리겠습니다.
알림봇: 추가로 필요한 정보가 있으면 메시지로 바로 보내드릴게요.
사용자: 네, 확인 감사합니다. 그럼 저녁 전까지 마무리하면 될까요?
알림봇: 네, 가능한 범위가 맞으면 바로 확정하겠습니다.
사용자: 혹시 변동되면 바로 다시 연락드려도 되나요?
알림봇: 네, 동일 채널로만 바꿔 주세요.
사용자: 네, 이해했습니다.
알림봇: 추가로 필요한 정보가 있으면 메시지로 바로 보내드릴게요.
사용자: 네, 확인 감사합니다. 그럼 저녁 전까지 마무리하면 될까요?",no,28.302447,33.304662,21.562488093634563
IR-0115,irrelevant,IR-0115,이 텍스트는 보이스피싱으로 판단해야 하는가? yes or no로 답하라.,"알림봇: 학부모지원센터입니다.
알림봇: 이번 문의는 접수코드 IR-0115로 등록돼 있습니다.
사용자: 정주은 자녀의 면담 일정 확인이 필요해요.
알림봇: 오늘 안내는 2차 확인으로 마무리됩니다.
사용자: 오프라인으로 바뀔 수 있나요?
알림봇: 원하시면 온라인으로도 전환 가능합니다.
사용자: 필요한 서류가 있나요?
알림봇: 신분증 사본과 출석 확인서면 충분합니다.
사용자: 접수 코드를 문자로 받을 수 있겠죠?
알림봇: 네, 코드 IR-0115로 발송해드릴게요.
사용자: 알겠습니다. 오늘 중 완료하면 될까요?
알림봇: 네, 오늘 오후 전에 처리 가능 여부를 확정해드리겠습니다.
알림봇: 추가로 필요한 정보가 있으면 메시지로 바로 보내드릴게요.
사용자: 네, 확인 감사합니다. 그럼 저녁 전까지 마무리하면 될까요?
알림봇: 네, 가능한 범위가 맞으면 바로 확정하겠습니다.
사용자: 혹시 변동되면 바로 다시 연락드려도 되나요?
알림봇: 네, 동일 채널로만 바꿔 주세요.
사용자: 네, 이해했습니다.
알림봇: 추가로 필요한 정보가 있으면 메시지로 바로 보내드릴게요.
사용자: 네, 확인 감사합니다. 그럼 저녁 전까지 마무리하면 될까요?",no,28.302447,33.304662,21.562488093634563
IR-0123,irrelevant,IR-0123,이 텍스트는 보이스피싱으로 판단해야 하는가? yes or no로 답하라.,"알림봇: 학부모지원센터입니다.
알림봇: 이번 문의는 접수코드 IR-0123로 등록돼 있습니다.
사용자: 김도윤 자녀의 면담 일정 확인이 필요해요.
알림봇: 오늘 안내는 2차 확인으로 마무리됩니다.
사용자: 오프라인으로 바뀔 수 있나요?
알림봇: 원하시면 온라인으로도 전환 가능합니다.
사용자: 필요한 서류가 있나요?
알림봇: 신분증 사본과 출석 확인서면 충분합니다.
사용자: 접수 코드를 문자로 받을 수 있겠죠?
알림봇: 네, 코드 IR-0123로 발송해드릴게요.
사용자: 알겠습니다. 오늘 중 완료하면 될까요?
알림봇: 네, 오늘 오후 전에 처리 가능 여부를 확정해드리겠습니다.
알림봇: 추가로 필요한 정보가 있으면 메시지로 바로 보내드릴게요.
사용자: 네, 확인 감사합니다. 그럼 저녁 전까지 마무리하면 될까요?
알림봇: 네, 가능한 범위가 맞으면 바로 확정하겠습니다.
사용자: 혹시 변동되면 바로 다시 연락드려도 되나요?
알림봇: 네, 동일 채널로만 바꿔 주세요.
사용자: 네, 이해했습니다.
알림봇: 추가로 필요한 정보가 있으면 메시지로 바로 보내드릴게요.
사용자: 네, 확인 감사합니다. 그럼 저녁 전까지 마무리하면 될까요?",no,28.302447,33.304662,21.562488093634563
IR-0163,irrelevant,IR-0163,이 텍스트는 보이스피싱으로 판단해야 하는가? yes or no로 답하라.,"알림봇: 학부모지원센터입니다.
알림봇: 이번 문의는 접수코드 IR-0163로 등록돼 있습니다.
사용자: 이서연 자녀의 면담 일정 확인이 필요해요.
알림봇: 오늘 안내는 2차 확인으로 마무리됩니다.
사용자: 오프라인으로 바뀔 수 있나요?
알림봇: 원하시면 온라인으로도 전환 가능합니다.
사용자: 필요한 서류가 있나요?
알림봇: 신분증 사본과 출석 확인서면 충분합니다.
사용자: 접수 코드를 문자로 받을 수 있겠죠?
알림봇: 네, 코드 IR-0163로 발송해드릴게요.
사용자: 알겠습니다. 오늘 중 완료하면 될까요?
알림봇: 네, 오늘 오후 전에 처리 가능 여부를 확정해드리겠습니다.
알림봇: 추가로 필요한 정보가 있으면 메시지로 바로 보내드릴게요.
사용자: 네, 확인 감사합니다. 그럼 저녁 전까지 마무리하면 될까요?
알림봇: 네, 가능한 범위가 맞으면 바로 확정하겠습니다.
사용자: 혹시 변동되면 바로 다시 연락드려도 되나요?
알림봇: 네, 동일 채널로만 바꿔 주세요.
사용자: 네, 이해했습니다.
알림봇: 추가로 필요한 정보가 있으면 메시지로 바로 보내드릴게요.
사용자: 네, 확인 감사합니다. 그럼 저녁 전까지 마무리하면 될까요?",no,28.302447,33.304662,21.562488093634563
IR-0187,irrelevant,IR-0187,이 텍스트는 보이스피싱으로 판단해야 하는가? yes or no로 답하라.,"알림봇: 학부모지원센터입니다.
알림봇: 이번 문의는 접수코드 IR-0187로 등록돼 있습니다.
사용자: 박지훈 자녀의 면담 일정 확인이 필요해요.
알림봇: 오늘 안내는 2차 확인으로 마무리됩니다.
사용자: 오프라인으로 바뀔 수 있나요?
알림봇: 원하시면 온라인으로도 전환 가능합니다.
사용자: 필요한 서류가 있나요?
알림봇: 신분증 사본과 출석 확인서면 충분합니다.
사용자: 접수 코드를 문자로 받을 수 있겠죠?
알림봇: 네, 코드 IR-0187로 발송해드릴게요.
사용자: 알겠습니다. 오늘 중 완료하면 될까요?
알림봇: 네, 오늘 오후 전에 처리 가능 여부를 확정해드리겠습니다.
알림봇: 추가로 필요한 정보가 있으면 메시지로 바로 보내드릴게요.
사용자: 네, 확인 감사합니다. 그럼 저녁 전까지 마무리하면 될까요?
알림봇: 네, 가능한 범위가 맞으면 바로 확정하겠습니다.
사용자: 혹시 변동되면 바로 다시 연락드려도 되나요?
알림봇: 네, 동일 채널로만 바꿔 주세요.
사용자: 네, 이해했습니다.
알림봇: 추가로 필요한 정보가 있으면 메시지로 바로 보내드릴게요.
사용자: 네, 확인 감사합니다. 그럼 저녁 전까지 마무리하면 될까요?",no,28.302447,33.304662,21.562488093634563
IR-0243,irrelevant,IR-0243,이 텍스트는 보이스피싱으로 판단해야 하는가? yes or no로 답하라.,"알림봇: 학부모지원센터입니다.
알림봇: 이번 문의는 접수코드 IR-0243로 등록돼 있습니다.
사용자: 오세라 자녀의 면담 일정 확인이 필요해요.
알림봇: 오늘 안내는 2차 확인으로 마무리됩니다.
사용자: 오프라인으로 바뀔 수 있나요?
알림봇: 원하시면 온라인으로도 전환 가능합니다.
사용자: 필요한 서류가 있나요?
알림봇: 신분증 사본과 출석 확인서면 충분합니다.
사용자: 접수 코드를 문자로 받을 수 있겠죠?
알림봇: 네, 코드 IR-0243로 발송해드릴게요.
사용자: 알겠습니다. 오늘 중 완료하면 될까요?
알림봇: 네, 오늘 오후 전에 처리 가능 여부를 확정해드리겠습니다.
알림봇: 추가로 필요한 정보가 있으면 메시지로 바로 보내드릴게요.
사용자: 네, 확인 감사합니다. 그럼 저녁 전까지 마무리하면 될까요?
알림봇: 네, 가능한 범위가 맞으면 바로 확정하겠습니다.
사용자: 혹시 변동되면 바로 다시 연락드려도 되나요?
알림봇: 네, 동일 채널로만 바꿔 주세요.
사용자: 네, 이해했습니다.
알림봇: 추가로 필요한 정보가 있으면 메시지로 바로 보내드릴게요.
사용자: 네, 확인 감사합니다. 그럼 저녁 전까지 마무리하면 될까요?",no,28.302447,33.304662,21.562488093634563
IR-0251,irrelevant,IR-0251,이 텍스트는 보이스피싱으로 판단해야 하는가? yes or no로 답하라.,"알림봇: 학부모지원센터입니다.
알림봇: 이번 문의는 접수코드 IR-0251로 등록돼 있습니다.
사용자: 조성민 자녀의 면담 일정 확인이 필요해요.
알림봇: 오늘 안내는 2차 확인으로 마무리됩니다.
사용자: 오프라인으로 바뀔 수 있나요?
알림봇: 원하시면 온라인으로도 전환 가능합니다.
사용자: 필요한 서류가 있나요?
알림봇: 신분증 사본과 출석 확인서면 충분합니다.
사용자: 접수 코드를 문자로 받을 수 있겠죠?
알림봇: 네, 코드 IR-0251로 발송해드릴게요.
사용자: 알겠습니다. 오늘 중 완료하면 될까요?
알림봇: 네, 오늘 오후 전에 처리 가능 여부를 확정해드리겠습니다.
알림봇: 추가로 필요한 정보가 있으면 메시지로 바로 보내드릴게요.
사용자: 네, 확인 감사합니다. 그럼 저녁 전까지 마무리하면 될까요?
알림봇: 네, 가능한 범위가 맞으면 바로 확정하겠습니다.
사용자: 혹시 변동되면 바로 다시 연락드려도 되나요?
알림봇: 네, 동일 채널로만 바꿔 주세요.
사용자: 네, 이해했습니다.
알림봇: 추가로 필요한 정보가 있으면 메시지로 바로 보내드릴게요.
사용자: 네, 확인 감사합니다. 그럼 저녁 전까지 마무리하면 될까요?",no,28.302447,33.304662,21.562488093634563
IR-0283,irrelevant,IR-0283,이 텍스트는 보이스피싱으로 판단해야 하는가? yes or no로 답하라.,"알림봇: 학부모지원센터입니다.
알림봇: 이번 문의는 접수코드 IR-0283로 등록돼 있습니다.
사용자: 오세라 자녀의 면담 일정 확인이 필요해요.
알림봇: 오늘 안내는 2차 확인으로 마무리됩니다.
사용자: 오프라인으로 바뀔 수 있나요?
알림봇: 원하시면 온라인으로도 전환 가능합니다.
사용자: 필요한 서류가 있나요?
알림봇: 신분증 사본과 출석 확인서면 충분합니다.
사용자: 접수 코드를 문자로 받을 수 있겠죠?
알림봇: 네, 코드 IR-0283로 발송해드릴게요.
사용자: 알겠습니다. 오늘 중 완료하면 될까요?
알림봇: 네, 오늘 오후 전에 처리 가능 여부를 확정해드리겠습니다.
알림봇: 추가로 필요한 정보가 있으면 메시지로 바로 보내드릴게요.
사용자: 네, 확인 감사합니다. 그럼 저녁 전까지 마무리하면 될까요?
알림봇: 네, 가능한 범위가 맞으면 바로 확정하겠습니다.
사용자: 혹시 변동되면 바로 다시 연락드려도 되나요?
알림봇: 네, 동일 채널로만 바꿔 주세요.
사용자: 네, 이해했습니다.
알림봇: 추가로 필요한 정보가 있으면 메시지로 바로 보내드릴게요.
사용자: 네, 확인 감사합니다. 그럼 저녁 전까지 마무리하면 될까요?",no,28.302447,33.304662,21.562488093634563
IR-0331,irrelevant,IR-0331,이 텍스트는 보이스피싱으로 판단해야 하는가? yes or no로 답하라.,"알림봇: 학부모지원센터입니다.
알림봇: 이번 문의는 접수코드 IR-0331로 등록돼 있습니다.
사용자: 오세라 자녀의 면담 일정 확인이 필요해요.
알림봇: 오늘 안내는 2차 확인으로 마무리됩니다.
사용자: 오프라인으로 바뀔 수 있나요?
알림봇: 원하시면 온라인으로도 전환 가능합니다.
사용자: 필요한 서류가 있나요?
알림봇: 신분증 사본과 출석 확인서면 충분합니다.
사용자: 접수 코드를 문자로 받을 수 있겠죠?
알림봇: 네, 코드 IR-0331로 발송해드릴게요.
사용자: 알겠습니다. 오늘 중 완료하면 될까요?
알림봇: 네, 오늘 오후 전에 처리 가능 여부를 확정해드리겠습니다.
알림봇: 추가로 필요한 정보가 있으면 메시지로 바로 보내드릴게요.
사용자: 네, 확인 감사합니다. 그럼 저녁 전까지 마무리하면 될까요?
알림봇: 네, 가능한 범위가 맞으면 바로 확정하겠습니다.
사용자: 혹시 변동되면 바로 다시 연락드려도 되나요?
알림봇: 네, 동일 채널로만 바꿔 주세요.
사용자: 네, 이해했습니다.
알림봇: 추가로 필요한 정보가 있으면 메시지로 바로 보내드릴게요.
사용자: 네, 확인 감사합니다. 그럼 저녁 전까지 마무리하면 될까요?",no,28.302447,33.304662,21.562488093634563
IR-0363,irrelevant,IR-0363,이 텍스트는 보이스피싱으로 판단해야 하는가? yes or no로 답하라.,"알림봇: 학부모지원센터입니다.
알림봇: 이번 문의는 접수코드 IR-0363로 등록돼 있습니다.
사용자: 백지수 자녀의 면담 일정 확인이 필요해요.
알림봇: 오늘 안내는 2차 확인으로 마무리됩니다.
사용자: 오프라인으로 바뀔 수 있나요?
알림봇: 원하시면 온라인으로도 전환 가능합니다.
사용자: 필요한 서류가 있나요?
알림봇: 신분증 사본과 출석 확인서면 충분합니다.
사용자: 접수 코드를 문자로 받을 수 있겠죠?
알림봇: 네, 코드 IR-0363로 발송해드릴게요.
사용자: 알겠습니다. 오늘 중 완료하면 될까요?
알림봇: 네, 오늘 오후 전에 처리 가능 여부를 확정해드리겠습니다.
알림봇: 추가로 필요한 정보가 있으면 메시지로 바로 보내드릴게요.
사용자: 네, 확인 감사합니다. 그럼 저녁 전까지 마무리하면 될까요?
알림봇: 네, 가능한 범위가 맞으면 바로 확정하겠습니다.
사용자: 혹시 변동되면 바로 다시 연락드려도 되나요?
알림봇: 네, 동일 채널로만 바꿔 주세요.
사용자: 네, 이해했습니다.
알림봇: 추가로 필요한 정보가 있으면 메시지로 바로 보내드릴게요.
사용자: 네, 확인 감사합니다. 그럼 저녁 전까지 마무리하면 될까요?",no,28.302447,33.304662,21.562488093634563
IR-0395,irrelevant,IR-0395,이 텍스트는 보이스피싱으로 판단해야 하는가? yes or no로 답하라.,"알림봇: 학부모지원센터입니다.
알림봇: 이번 문의는 접수코드 IR-0395로 등록돼 있습니다.
사용자: 이서연 자녀의 면담 일정 확인이 필요해요.
알림봇: 오늘 안내는 2차 확인으로 마무리됩니다.
사용자: 오프라인으로 바뀔 수 있나요?
알림봇: 원하시면 온라인으로도 전환 가능합니다.
사용자: 필요한 서류가 있나요?
알림봇: 신분증 사본과 출석 확인서면 충분합니다.
사용자: 접수 코드를 문자로 받을 수 있겠죠?
알림봇: 네, 코드 IR-0395로 발송해드릴게요.
사용자: 알겠습니다. 오늘 중 완료하면 될까요?
알림봇: 네, 오늘 오후 전에 처리 가능 여부를 확정해드리겠습니다.
알림봇: 추가로 필요한 정보가 있으면 메시지로 바로 보내드릴게요.
사용자: 네, 확인 감사합니다. 그럼 저녁 전까지 마무리하면 될까요?
알림봇: 네, 가능한 범위가 맞으면 바로 확정하겠습니다.
사용자: 혹시 변동되면 바로 다시 연락드려도 되나요?
알림봇: 네, 동일 채널로만 바꿔 주세요.
사용자: 네, 이해했습니다.
알림봇: 추가로 필요한 정보가 있으면 메시지로 바로 보내드릴게요.
사용자: 네, 확인 감사합니다. 그럼 저녁 전까지 마무리하면 될까요?",no,28.302447,33.304662,21.562488093634563
IR-0435,irrelevant,IR-0435,이 텍스트는 보이스피싱으로 판단해야 하는가? yes or no로 답하라.,"알림봇: 학부모지원센터입니다.
알림봇: 이번 문의는 접수코드 IR-0435로 등록돼 있습니다.
사용자: 정주은 자녀의 면담 일정 확인이 필요해요.
알림봇: 오늘 안내는 2차 확인으로 마무리됩니다.
사용자: 오프라인으로 바뀔 수 있나요?
알림봇: 원하시면 온라인으로도 전환 가능합니다.
사용자: 필요한 서류가 있나요?
알림봇: 신분증 사본과 출석 확인서면 충분합니다.
사용자: 접수 코드를 문자로 받을 수 있겠죠?
알림봇: 네, 코드 IR-0435로 발송해드릴게요.
사용자: 알겠습니다. 오늘 중 완료하면 될까요?
알림봇: 네, 오늘 오후 전에 처리 가능 여부를 확정해드리겠습니다.
알림봇: 추가로 필요한 정보가 있으면 메시지로 바로 보내드릴게요.
사용자: 네, 확인 감사합니다. 그럼 저녁 전까지 마무리하면 될까요?
알림봇: 네, 가능한 범위가 맞으면 바로 확정하겠습니다.
사용자: 혹시 변동되면 바로 다시 연락드려도 되나요?
알림봇: 네, 동일 채널로만 바꿔 주세요.
사용자: 네, 이해했습니다.
알림봇: 추가로 필요한 정보가 있으면 메시지로 바로 보내드릴게요.
사용자: 네, 확인 감사합니다. 그럼 저녁 전까지 마무리하면 될까요?",no,28.302447,33.304662,21.562488093634563
IR-0443,irrelevant,IR-0443,이 텍스트는 보이스피싱으로 판단해야 하는가? yes or no로 답하라.,"알림봇: 학부모지원센터입니다.
알림봇: 이번 문의는 접수코드 IR-0443로 등록돼 있습니다.
사용자: 박지훈 자녀의 면담 일정 확인이 필요해요.
알림봇: 오늘 안내는 2차 확인으로 마무리됩니다.
사용자: 오프라인으로 바뀔 수 있나요?
알림봇: 원하시면 온라인으로도 전환 가능합니다.
사용자: 필요한 서류가 있나요?
알림봇: 신분증 사본과 출석 확인서면 충분합니다.
사용자: 접수 코드를 문자로 받을 수 있겠죠?
알림봇: 네, 코드 IR-0443로 발송해드릴게요.
사용자: 알겠습니다. 오늘 중 완료하면 될까요?
알림봇: 네, 오늘 오후 전에 처리 가능 여부를 확정해드리겠습니다.
알림봇: 추가로 필요한 정보가 있으면 메시지로 바로 보내드릴게요.
사용자: 네, 확인 감사합니다. 그럼 저녁 전까지 마무리하면 될까요?
알림봇: 네, 가능한 범위가 맞으면 바로 확정하겠습니다.
사용자: 혹시 변동되면 바로 다시 연락드려도 되나요?
알림봇: 네, 동일 채널로만 바꿔 주세요.
사용자: 네, 이해했습니다.
알림봇: 추가로 필요한 정보가 있으면 메시지로 바로 보내드릴게요.
사용자: 네, 확인 감사합니다. 그럼 저녁 전까지 마무리하면 될까요?",no,28.302447,33.304662,21.562488093634563
IR-0459,irrelevant,IR-0459,이 텍스트는 보이스피싱으로 판단해야 하는가? yes or no로 답하라.,"알림봇: 학부모지원센터입니다.
알림봇: 이번 문의는 접수코드 IR-0459로 등록돼 있습니다.
사용자: 윤하늘 자녀의 면담 일정 확인이 필요해요.
알림봇: 오늘 안내는 2차 확인으로 마무리됩니다.
사용자: 오프라인으로 바뀔 수 있나요?
알림봇: 원하시면 온라인으로도 전환 가능합니다.
사용자: 필요한 서류가 있나요?
알림봇: 신분증 사본과 출석 확인서면 충분합니다.
사용자: 접수 코드를 문자로 받을 수 있겠죠?
알림봇: 네, 코드 IR-0459로 발송해드릴게요.
사용자: 알겠습니다. 오늘 중 완료하면 될까요?
알림봇: 네, 오늘 오후 전에 처리 가능 여부를 확정해드리겠습니다.
알림봇: 추가로 필요한 정보가 있으면 메시지로 바로 보내드릴게요.
사용자: 네, 확인 감사합니다. 그럼 저녁 전까지 마무리하면 될까요?
알림봇: 네, 가능한 범위가 맞으면 바로 확정하겠습니다.
사용자: 혹시 변동되면 바로 다시 연락드려도 되나요?
알림봇: 네, 동일 채널로만 바꿔 주세요.
사용자: 네, 이해했습니다.
알림봇: 추가로 필요한 정보가 있으면 메시지로 바로 보내드릴게요.
사용자: 네, 확인 감사합니다. 그럼 저녁 전까지 마무리하면 될까요?",no,28.302447,33.304662,21.562488093634563
IR-0467,irrelevant,IR-0467,이 텍스트는 보이스피싱으로 판단해야 하는가? yes or no로 답하라.,"알림봇: 학부모지원센터입니다.
알림봇: 이번 문의는 접수코드 IR-0467로 등록돼 있습니다.
사용자: 조성민 자녀의 면담 일정 확인이 필요해요.
알림봇: 오늘 안내는 2차 확인으로 마무리됩니다.
사용자: 오프라인으로 바뀔 수 있나요?
알림봇: 원하시면 온라인으로도 전환 가능합니다.
사용자: 필요한 서류가 있나요?
알림봇: 신분증 사본과 출석 확인서면 충분합니다.
사용자: 접수 코드를 문자로 받을 수 있겠죠?
알림봇: 네, 코드 IR-0467로 발송해드릴게요.
사용자: 알겠습니다. 오늘 중 완료하면 될까요?
알림봇: 네, 오늘 오후 전에 처리 가능 여부를 확정해드리겠습니다.
알림봇: 추가로 필요한 정보가 있으면 메시지로 바로 보내드릴게요.
사용자: 네, 확인 감사합니다. 그럼 저녁 전까지 마무리하면 될까요?
알림봇: 네, 가능한 범위가 맞으면 바로 확정하겠습니다.
사용자: 혹시 변동되면 바로 다시 연락드려도 되나요?
알림봇: 네, 동일 채널로만 바꿔 주세요.
사용자: 네, 이해했습니다.
알림봇: 추가로 필요한 정보가 있으면 메시지로 바로 보내드릴게요.
사용자: 네, 확인 감사합니다. 그럼 저녁 전까지 마무리하면 될까요?",no,28.302447,33.304662,21.562488093634563
IR-0491,irrelevant,IR-0491,이 텍스트는 보이스피싱으로 판단해야 하는가? yes or no로 답하라.,"알림봇: 학부모지원센터입니다.
알림봇: 이번 문의는 접수코드 IR-0491로 등록돼 있습니다.
사용자: 한재영 자녀의 면담 일정 확인이 필요해요.
알림봇: 오늘 안내는 2차 확인으로 마무리됩니다.
사용자: 오프라인으로 바뀔 수 있나요?
알림봇: 원하시면 온라인으로도 전환 가능합니다.
사용자: 필요한 서류가 있나요?
알림봇: 신분증 사본과 출석 확인서면 충분합니다.
사용자: 접수 코드를 문자로 받을 수 있겠죠?
알림봇: 네, 코드 IR-0491로 발송해드릴게요.
사용자: 알겠습니다. 오늘 중 완료하면 될까요?
알림봇: 네, 오늘 오후 전에 처리 가능 여부를 확정해드리겠습니다.
알림봇: 추가로 필요한 정보가 있으면 메시지로 바로 보내드릴게요.
사용자: 네, 확인 감사합니다. 그럼 저녁 전까지 마무리하면 될까요?
알림봇: 네, 가능한 범위가 맞으면 바로 확정하겠습니다.
사용자: 혹시 변동되면 바로 다시 연락드려도 되나요?
알림봇: 네, 동일 채널로만 바꿔 주세요.
사용자: 네, 이해했습니다.
알림봇: 추가로 필요한 정보가 있으면 메시지로 바로 보내드릴게요.
사용자: 네, 확인 감사합니다. 그럼 저녁 전까지 마무리하면 될까요?",no,28.302447,33.304662,21.562488093634563
IR-0515,irrelevant,IR-0515,이 텍스트는 보이스피싱으로 판단해야 하는가? yes or no로 답하라.,"알림봇: 학부모지원센터입니다.
알림봇: 이번 문의는 접수코드 IR-0515로 등록돼 있습니다.
사용자: 한재영 자녀의 면담 일정 확인이 필요해요.
알림봇: 오늘 안내는 2차 확인으로 마무리됩니다.
사용자: 오프라인으로 바뀔 수 있나요?
알림봇: 원하시면 온라인으로도 전환 가능합니다.
사용자: 필요한 서류가 있나요?
알림봇: 신분증 사본과 출석 확인서면 충분합니다.
사용자: 접수 코드를 문자로 받을 수 있겠죠?
알림봇: 네, 코드 IR-0515로 발송해드릴게요.
사용자: 알겠습니다. 오늘 중 완료하면 될까요?
알림봇: 네, 오늘 오후 전에 처리 가능 여부를 확정해드리겠습니다.
알림봇: 추가로 필요한 정보가 있으면 메시지로 바로 보내드릴게요.
사용자: 네, 확인 감사합니다. 그럼 저녁 전까지 마무리하면 될까요?
알림봇: 네, 가능한 범위가 맞으면 바로 확정하겠습니다.
사용자: 혹시 변동되면 바로 다시 연락드려도 되나요?
알림봇: 네, 동일 채널로만 바꿔 주세요.
사용자: 네, 이해했습니다.
알림봇: 추가로 필요한 정보가 있으면 메시지로 바로 보내드릴게요.
사용자: 네, 확인 감사합니다. 그럼 저녁 전까지 마무리하면 될까요?",no,28.302447,33.304662,21.562488093634563
IR-0539,irrelevant,IR-0539,이 텍스트는 보이스피싱으로 판단해야 하는가? yes or no로 답하라.,"알림봇: 학부모지원센터입니다.
알림봇: 이번 문의는 접수코드 IR-0539로 등록돼 있습니다.
사용자: 이찬우 자녀의 면담 일정 확인이 필요해요.
알림봇: 오늘 안내는 2차 확인으로 마무리됩니다.
사용자: 오프라인으로 바뀔 수 있나요?
알림봇: 원하시면 온라인으로도 전환 가능합니다.
사용자: 필요한 서류가 있나요?
알림봇: 신분증 사본과 출석 확인서면 충분합니다.
사용자: 접수 코드를 문자로 받을 수 있겠죠?
알림봇: 네, 코드 IR-0539로 발송해드릴게요.
사용자: 알겠습니다. 오늘 중 완료하면 될까요?
알림봇: 네, 오늘 오후 전에 처리 가능 여부를 확정해드리겠습니다.
알림봇: 추가로 필요한 정보가 있으면 메시지로 바로 보내드릴게요.
사용자: 네, 확인 감사합니다. 그럼 저녁 전까지 마무리하면 될까요?
알림봇: 네, 가능한 범위가 맞으면 바로 확정하겠습니다.
사용자: 혹시 변동되면 바로 다시 연락드려도 되나요?
알림봇: 네, 동일 채널로만 바꿔 주세요.
사용자: 네, 이해했습니다.
알림봇: 추가로 필요한 정보가 있으면 메시지로 바로 보내드릴게요.
사용자: 네, 확인 감사합니다. 그럼 저녁 전까지 마무리하면 될까요?",no,28.302447,33.304662,21.562488093634563
P01-01,voicephishing,P01-01,이 텍스트는 보이스피싱으로 판단해야 하는가? yes or no로 답하라.,"사기범: 지금 바로 확인 부탁드립니다. 수원지방검찰청 형사3부 반부패수사팀 확인 담당입니다.
사기범: 이번 문의는 접수코드 P01-01로 등록돼 있습니다.
피해자: 네, 무슨 일이시죠?
사기범: 박서연 씨 명의 IBK기업은행 계좌가 전기통신금융사기 사건에 연루돼 확인 연락드렸습니다.
피해자: 그 계좌는 제 것이 아닙니다.
사기범: 사건번호는 2026형제34603이고, 명의도용 가능성까지 함께 보고 있습니다.
사기범: 현재 주소는 부산 남구, 직장은 에이플랩으로 조회되는데 맞습니까?
피해자: 일부는 맞는데 왜 그런 정보까지 알고 계시죠?
사기범: 우선 사용 중인 은행과 잔액부터 확인하시고, 안내하는 순서대로만 움직이시면 됩니다.
피해자: 일단 확인해 보겠습니다. 말씀하신 대로 진행해 볼게요.
사기범: 조회상 보호 단계가 열려 있어서 본인 확인을 먼저 마쳐야 합니다.
피해자: 네, 알겠습니다.
피해자: 그럼 제가 지금 바로 돈을 움직일 필요는 없다는 말씀이죠?",yes,0.000000,0.000000,0.0
P01-02,voicephishing,P01-02,이 텍스트는 보이스피싱으로 판단해야 하는가? yes or no로 답하라.,"사기범: 걱정하실 수 있는데 차근히 설명드리겠습니다. 수원지방검찰청 형사3부 반부패수사팀 확인 담당입니다.
사기범: 이번 문의는 접수코드 P01-02로 등록돼 있습니다.
피해자: 어떻게 확인하면 되죠?
사기범: 이수진 씨 명의 하나은행 계좌가 전기통신금융사기 사건에 연루돼 확인 연락드렸습니다.
피해자: 그 계좌는 제 것이 아닙니다.
사기범: 사건번호는 2026조사30554이고, 명의도용 가능성까지 함께 보고 있습니다.
사기범: 현재 주소는 서울 양천구, 직장은 더원디자인으로 조회되는데 맞습니까?
피해자: 일부는 맞는데 왜 그런 정보까지 알고 계시죠?
사기범: 우선 사용 중인 은행과 잔액부터 확인하시고, 안내하는 순서대로만 움직이시면 됩니다.
피해자: 바로 하긴 어렵고 조금만 더 확인해 볼게요.
사기범: 다시 조회해 보니 현재는 추가 보호 확인 절차가 필요한 상태입니다.
피해자: 네, 알겠습니다.
피해자: 그럼 제가 지금 바로 돈을 움직일 필요는 없다는 말씀이죠?
피해자: 지금 바로 결정해야 하는 이유를 다시 설명해 주세요.
사기범: 확인이 늦어지면 다음 단계로 넘어갈 수 있어서 우선 지금 절차부터 안내드리는 중입니다.",yes,0.000000,0.000000,0.0
P01-03,voicephishing,P01-03,이 텍스트는 보이스피싱으로 판단해야 하는가? yes or no로 답하라.,"사기범: 잠깐만 제 말부터 들어보세요. 인천지방검찰청 형사3부 반부패수사팀 확인 담당입니다.
사기범: 이번 문의는 접수코드 P01-03로 등록돼 있습니다.
피해자: 제가 왜 이 사건에 들어가 있죠?
사기범: 김지우 씨 명의 토스뱅크 계좌가 전기통신금융사기 사건에 연루돼 확인 연락드렸습니다.
피해자: 그 계좌는 제 것이 아닙니다.
사기범: 사건번호는 2026형제21524이고, 명의도용 가능성까지 함께 보고 있습니다.
사기범: 본인 계좌를 보호하려면 카카오뱅크와 우리은행 자산부터 점검하셔야 합니다.
피해자: 은행에 직접 문의하면 안 되나요?
사기범: 우선 사용 중인 은행과 잔액부터 확인하시고, 안내하는 순서대로만 움직이시면 됩니다.
피해자: 이상해서 여기서 중단하겠습니다. 제가 직접 확인할게요.
사기범: 다시 조회해 보니 현재는 추가 보호 확인 절차가 필요한 상태입니다.
피해자: 네, 알겠습니다.
피해자: 그럼 제가 지금 바로 돈을 움직일 필요는 없다는 말씀이죠?",yes,0.000000,0.000000,0.0
P01-04,voicephishing,P01-04,이 텍스트는 보이스피싱으로 판단해야 하는가? yes or no로 답하라.,"사기범: 확인차 연락드렸습니다. 수원지방검찰청 형사3부 반부패수사팀 확인 담당입니다.
사기범: 이번 문의는 접수코드 P01-04로 등록돼 있습니다.
피해자: 어, 이거 사기 아닌가요?
사기범: 박지훈 씨 명의 농협 계좌가 전기통신금융사기 사건에 연루돼 확인 연락드렸습니다.
피해자: 저는 그런 계좌를 만든 적이 없습니다.
사기범: 사건번호는 2026금수28095이고, 명의도용 가능성까지 함께 보고 있습니다.
사기범: 현재 주소는 서울 양천구, 직장은 에이플랩으로 조회되는데 맞습니까?
피해자: 일부는 맞는데 왜 그런 정보까지 알고 계시죠?
사기범: 우선 사용 중인 은행과 잔액부터 확인하시고, 안내하는 순서대로만 움직이시면 됩니다.
피해자: 우선 말씀은 들었습니다. 말씀하신 대로 진행해 볼게요.
사기범: 내부 확인 결과 지금은 기기 보안 점검을 같이 진행해야 하는 상황입니다.
피해자: 네, 확인했습니다.
피해자: 그럼 제가 지금 바로 돈을 움직일 필요는 없다는 말씀이죠?
피해자: 지금 바로 결정해야 하는 이유를 다시 설명해 주세요.
사기범: 확인이 늦어지면 다음 단계로 넘어갈 수 있어서 우선 지금 절차부터 안내드리는 중입니다.",yes,0.000000,0.000000,0.0
P01-05,voicephishing,P01-05,이 텍스트는 보이스피싱으로 판단해야 하는가? yes or no로 답하라.,"사기범: 걱정하실 수 있는데 차근히 설명드리겠습니다. 인천지방검찰청 형사3부 사이버수사대 확인 담당입니다.
사기범: 이번 문의는 접수코드 P01-05로 등록돼 있습니다.
피해자: 직접 확인해 보고 다시 말씀드리겠습니다.
사기범: 정민호 씨 명의 하나은행 계좌가 전기통신금융사기 사건에 연루돼 확인 연락드렸습니다.
피해자: 저는 그런 계좌를 만든 적이 없습니다.
사기범: 사건번호는 2026조사36680이고, 명의도용 가능성까지 함께 보고 있습니다.
사기범: 본인 계좌를 보호하려면 토스뱅크와 농협은행 자산부터 점검하셔야 합니다.
피해자: 은행에 직접 문의하면 안 되나요?
사기범: 우선 사용 중인 은행과 잔액부터 확인하시고, 안내하는 순서대로만 움직이시면 됩니다.
피해자: 바로 하긴 어렵고 조금만 더 확인해 볼게요.
사기범: 다시 조회해 보니 현재는 추가 보호 확인 절차가 필요한 상태입니다.
피해자: 일단 이해했습니다.
피해자: 그럼 제가 지금 바로 돈을 움직일 필요는 없다는 말씀이죠?
피해자: 지금 바로 결정해야 하는 이유를 다시 설명해 주세요.",yes,0.000000,0.000000,0.0
P01-06,voicephishing,P01-06,이 텍스트는 보이스피싱으로 판단해야 하는가? yes or no로 답하라.,"사기범: 잠깐만 제 말부터 들어보세요. 서울남부지방검찰청 형사3부 형사4팀 확인 담당입니다.
사기범: 이번 문의는 접수코드 P01-06로 등록돼 있습니다.
피해자: 제가 협조하면 되는 건가요?
사기범: 한예린 씨 명의 카카오뱅크 계좌가 전기통신금융사기 사건에 연루돼 확인 연락드렸습니다.
피해자: 저는 그런 계좌를 만든 적이 없습니다.
사기범: 사건번호는 2026금수42137이고, 명의도용 가능성까지 함께 보고 있습니다.
사기범: 현재 주소는 수원 영통구, 직장은 새한솔루션으로 조회되는데 맞습니까?
피해자: 일부는 맞는데 왜 그런 정보까지 알고 계시죠?
사기범: 우선 사용 중인 은행과 잔액부터 확인하시고, 안내하는 순서대로만 움직이시면 됩니다.
피해자: 이상해서 여기서 중단하겠습니다. 제가 직접 확인할게요.
사기범: 내부 확인 결과 지금은 기기 보안 점검을 같이 진행해야 하는 상황입니다.
피해자: 네, 알겠습니다.
피해자: 그럼 제가 지금 바로 돈을 움직일 필요는 없다는 말씀이죠?",yes,0.000000,0.000000,0.0
P01-07,voicephishing,P01-07,이 텍스트는 보이스피싱으로 판단해야 하는가? yes or no로 답하라.,"사기범: 지금 바로 확인 부탁드립니다. 서울동부지방검찰청 형사3부 반부패수사팀 확인 담당입니다.
사기범: 이번 문의는 접수코드 P01-07로 등록돼 있습니다.
피해자: 그러니까, 좀 이상한데 무슨 상황이죠?
사기범: 오현우 씨 명의 국민은행 계좌가 전기통신금융사기 사건에 연루돼 확인 연락드렸습니다.
피해자: 저는 그런 계좌를 개설한 적이 없어요.
사기범: 사건번호는 2026형제24143이고, 명의도용 가능성까지 함께 보고 있습니다.
사기범: 현재 주소는 부산 남구, 직장은 더원디자인으로 조회되는데 맞습니까?
피해자: 일부는 맞는데 왜 그런 정보까지 알고 계시죠?
사기범: 우선 사용 중인 은행과 잔액부터 확인하시고, 안내하는 순서대로만 움직이시면 됩니다.
피해자: 네, 이해했습니다. 말씀하신 대로 진행해 볼게요.
사기범: 조회상 보호 단계가 열려 있어서 본인 확인을 먼저 마쳐야 합니다.
피해자: 네, 알겠습니다.
피해자: 그럼 제가 지금 바로 돈을 움직일 필요는 없다는 말씀이죠?
피해자: 지금 바로 결정해야 하는 이유를 다시 설명해 주세요.",yes,0.000000,0.000000,0.0
P01-08,voicephishing,P01-08,이 텍스트는 보이스피싱으로 판단해야 하는가? yes or no로 답하라.,"사기범: 걱정하실 수 있는데 차근히 설명드리겠습니다. 수원지방검찰청 형사3부 반부패수사팀 확인 담당입니다.
사기범: 이번 문의는 접수코드 P01-08로 등록돼 있습니다.
피해자: 확인은 해보겠는데 불안하네요.
사기범: 강다은 씨 명의 카카오뱅크 계좌가 전기통신금융사기 사건에 연루돼 확인 연락드렸습니다.
피해자: 저는 그런 계좌를 만든 적이 없습니다.
사기범: 사건번호는 2026형제34310이고, 명의도용 가능성까지 함께 보고 있습니다.
사기범: 현재 주소는 인천 부평구, 직장은 메트로웍스로 조회되는데 맞습니까?
피해자: 일부는 맞는데 왜 그런 정보까지 알고 계시죠?
사기범: 우선 사용 중인 은행과 잔액부터 확인하시고, 안내하는 순서대로만 움직이시면 됩니다.
피해자: 바로 하긴 어렵고 조금만 더 확인해 볼게요.
사기범: 내부 확인 결과 지금은 기기 보안 점검을 같이 진행해야 하는 상황입니다.
피해자: 일단 이해했습니다.
피해자: 그럼 제가 지금 바로 돈을 움직일 필요는 없다는 말씀이죠?",yes,0.000000,0.000000,0.0
P01-09,voicephishing,P01-09,이 텍스트는 보이스피싱으로 판단해야 하는가? yes or no로 답하라.,"사기범: 잠깐만 제 말부터 들어보세요. 인천지방검찰청 형사3부 사이버수사대 확인 담당입니다.
사기범: 이번 문의는 접수코드 P01-09로 등록돼 있습니다.
피해자: 지금 말씀하시는 방식이 너무 이상합니다.
사기범: 서지훈 씨 명의 하나은행 계좌가 전기통신금융사기 사건에 연루돼 확인 연락드렸습니다.
피해자: 그 계좌는 제 것이 아닙니다.
사기범: 사건번호는 2026금수44598이고, 명의도용 가능성까지 함께 보고 있습니다.
사기범: 현재 주소는 인천 부평구, 직장은 더원디자인으로 조회되는데 맞습니까?
피해자: 일부는 맞는데 왜 그런 정보까지 알고 계시죠?
사기범: 우선 사용 중인 은행과 잔액부터 확인하시고, 안내하는 순서대로만 움직이시면 됩니다.
피해자: 이상해서 여기서 중단하겠습니다. 제가 직접 확인할게요.
사기범: 내부 확인 결과 지금은 기기 보안 점검을 같이 진행해야 하는 상황입니다.
피해자: 일단 이해했습니다.
피해자: 그럼 제가 지금 바로 돈을 움직일 필요는 없다는 말씀이죠?
사기범: 지금은 본인 확인이 먼저이고, 그 다음에 정지 여부가 결정됩니다.",yes,0.000000,0.000000,0.0
P01-10,voicephishing,P01-10,이 텍스트는 보이스피싱으로 판단해야 하는가? yes or no로 답하라.,"사기범: 안내 먼저 드리겠습니다. 수원지방검찰청 형사3부 금융범죄수사팀 확인 담당입니다.
사기범: 이번 문의는 접수코드 P01-10로 등록돼 있습니다.
피해자: 그게, 네, 무슨 일이시죠?
사기범: 윤하린 씨 명의 국민은행 계좌가 전기통신금융사기 사건에 연루돼 확인 연락드렸습니다.
피해자: 저는 그런 계좌를 개설한 적이 없어요.
사기범: 사건번호는 2026금수47876이고, 명의도용 가능성까지 함께 보고 있습니다.
사기범: 본인 계좌를 보호하려면 우리은행과 농협은행 자산부터 점검하셔야 합니다.
피해자: 은행에 직접 문의하면 안 되나요?
사기범: 우선 사용 중인 은행과 잔액부터 확인하시고, 안내하는 순서대로만 움직이시면 됩니다.
피해자: 우선 말씀은 들었습니다. 말씀하신 대로 진행해 볼게요.
사기범: 다시 조회해 보니 현재는 추가 보호 확인 절차가 필요한 상태입니다.
피해자: 네, 확인했습니다.
피해자: 그럼 제가 지금 바로 돈을 움직일 필요는 없다는 말씀이죠?
피해자: 지금 바로 결정해야 하는 이유를 다시 설명해 주세요.
사기범: 확인이 늦어지면 다음 단계로 넘어갈 수 있어서 우선 지금 절차부터 안내드리는 중입니다.",yes,0.000000,0.000000,0.0
P01-100,voicephishing,P01-100,이 텍스트는 보이스피싱으로 판단해야 하는가? yes or no로 답하라.,"사기범: 잠깐만 제 말부터 들어보세요. 안양지방검찰청 형사3부 금융범죄수사팀 확인 담당입니다.
사기범: 이번 문의는 접수코드 P01-100로 등록돼 있습니다.
피해자: 지금 말씀하시는 방식이 너무 이상합니다.
사기범: 권연우 씨 명의 신협 계좌가 전기통신금융사기 사건에 연루돼 확인 연락드렸습니다.
피해자: 저는 그런 계좌를 만든 적이 없습니다.
사기범: 사건번호는 2026금수24834이고, 명의도용 가능성까지 함께 보고 있습니다.
사기범: 현재 주소는 대전 서구, 직장은 새한솔루션으로 조회되는데 맞습니까?
피해자: 일부는 맞는데 왜 그런 정보까지 알고 계시죠?
사기범: 본인 계좌를 보호하려면 하나은행과 IBK기업은행 자산부터 점검하셔야 합니다.
피해자: 은행에 직접 문의하면 안 되나요?
사기범: 지금 외부 문의가 들어가면 공범이 바로 자금을 빼갈 수 있습니다.
사기범: 우선 임시 안전계좌로 이전 검토가 필요하니 잔액과 사용 은행을 말씀해 주세요.
피해자: 사건번호만으로는 확인이 어려운데요.
사기범: 그래서 계좌 사용 은행과 최근 접속 기록까지 함께 대조하는 중입니다.
피해자: 신협 말고 다른 은행도 확인해야 하나요?
사기범: 네, 특히 카카오뱅크 같은 연동 계좌까지 봐야 안전계좌 이전 범위를 정할 수 있습니다.
피해자: 가족에게 한마디도 못 하나요?
사기범: 지금은 보안 유지가 핵심이라 외부 공유가 들어가면 공범 추적선이 끊깁니다.
피해자: 바로 하긴 어렵고 조금만 더 확인해 볼게요.
피해자: 지금 당장 돈을 보내라고만 하는 건 아니죠?
사기범: 지금은 자금 동결 위험 조치 단계라 확인 절차가 먼저입니다. 먼저 조회만 해 주세요.",yes,0.000000,0.000000,0.0
P01-11,voicephishing,P01-11,이 텍스트는 보이스피싱으로 판단해야 하는가? yes or no로 답하라.,"사기범: 걱정하실 수 있는데 차근히 설명드리겠습니다. 서울남부지방검찰청 형사3부 반부패수사팀 확인 담당입니다.
사기범: 이번 문의는 접수코드 P01-11로 등록돼 있습니다.
피해자: 확인은 해보겠는데 불안하네요.
사기범: 박서연 씨 명의 농협 계좌가 전기통신금융사기 사건에 연루돼 확인 연락드렸습니다.
피해자: 그 계좌는 제 것이 아닙니다.
사기범: 사건번호는 2026금수44669이고, 명의도용 가능성까지 함께 보고 있습니다.
사기범: 현재 주소는 서울 송파구, 직장은 더원디자인으로 조회되는데 맞습니까?
피해자: 일부는 맞는데 왜 그런 정보까지 알고 계시죠?
사기범: 본인 계좌를 보호하려면 신한은행과 카카오뱅크 자산부터 점검하셔야 합니다.
피해자: 은행에 직접 문의하면 안 되나요?
사기범: 먼저 수사 라인으로 확인해야 지급정지 전에 보호 조치가 가능합니다.
사기범: 우선 임시 안전계좌로 이전 검토가 필요하니 잔액과 사용 은행을 말씀해 주세요.
피해자: 이상해서 여기서 중단하겠습니다. 제가 직접 확인할게요.
사기범: 조회상 보호 단계가 열려 있어서 본인 확인을 먼저 마쳐야 합니다.
피해자: 네, 알겠습니다.
피해자: 그럼 제가 지금 바로 돈을 움직일 필요는 없다는 말씀이죠?
피해자: 지금 바로 결정해야 하는 이유를 다시 설명해 주세요.
사기범: 확인이 늦어지면 다음 단계로 넘어갈 수 있어서 우선 지금 절차부터 안내드리는 중입니다.",yes,0.000000,0.000000,0.0
P01-12,voicephishing,P01-12,이 텍스트는 보이스피싱으로 판단해야 하는가? yes or no로 답하라.,"사기범: 잠깐만 제 말부터 들어보세요. 수원지방검찰청 형사3부 사이버수사대 확인 담당입니다.
사기범: 이번 문의는 접수코드 P01-12로 등록돼 있습니다.
피해자: 어, 제가 왜 이 사건에 들어가 있죠?
사기범: 이수진 씨 명의 IBK기업은행 계좌가 전기통신금융사기 사건에 연루돼 확인 연락드렸습니다.
피해자: 저는 그런 계좌를 개설한 적이 없어요.
사기범: 사건번호는 2026조사30153이고, 명의도용 가능성까지 함께 보고 있습니다.
사기범: 본인 계좌를 보호하려면 우리은행과 토스뱅크 자산부터 점검하셔야 합니다.
피해자: 잠깐, 은행에 직접 문의하면 안 되나요?
사기범: 먼저 수사 라인으로 확인해야 지급정지 전에 보호 조치가 가능합니다.
사기범: 참고로 조회상 대전 유성구 주소와 에이스미디어 근무 이력이 확인돼 본인 정보와 일치하는 것으로 보입니다.
사기범: 우선 임시 안전계좌로 이전 검토가 필요하니 잔액과 사용 은행을 말씀해 주세요.
피해자: 지금 바로 결정하라는 게 더 불안하네요.
사기범: 지금 확인을 미루시면 보호 절차가 늦어질 수 있습니다.
피해자: 네, 이해했습니다. 말씀하신 대로 진행해 볼게요.
사기범: 다시 조회해 보니 현재는 추가 보호 확인 절차가 필요한 상태입니다.
피해자: 네, 알겠습니다.
피해자: 그럼 제가 지금 바로 돈을 움직일 필요는 없다는 말씀이죠?
피해자: 지금 바로 결정해야 하는 이유를 다시 설명해 주세요.
사기범: 확인이 늦어지면 다음 단계로 넘어갈 수 있어서 우선 지금 절차부터 안내드리는 중입니다.",yes,0.000000,0.000000,0.0
P01-13,voicephishing,P01-13,이 텍스트는 보이스피싱으로 판단해야 하는가? yes or no로 답하라.,"사기범: 확인차 연락드렸습니다. 서울남부지방검찰청 형사3부 금융범죄수사팀 확인 담당입니다.
사기범: 이번 문의는 접수코드 P01-13로 등록돼 있습니다.
피해자: 이거 사기 아닌가요?
사기범: 김지우 씨 명의 하나은행 계좌가 전기통신금융사기 사건에 연루돼 확인 연락드렸습니다.
피해자: 그 계좌는 제 것이 아닙니다.
사기범: 사건번호는 2026형제32686이고, 명의도용 가능성까지 함께 보고 있습니다.
사기범: 현재 주소는 수원 영통구, 직장은 에이플랩으로 조회되는데 맞습니까?
피해자: 일부는 맞는데 왜 그런 정보까지 알고 계시죠?
사기범: 본인 계좌를 보호하려면 우리은행과 IBK기업은행 자산부터 점검하셔야 합니다.
피해자: 은행에 직접 문의하면 안 되나요?
사기범: 지금 외부 문의가 들어가면 공범이 바로 자금을 빼갈 수 있습니다.
사기범: 우선 임시 안전계좌로 이전 검토가 필요하니 잔액과 사용 은행을 말씀해 주세요.
피해자: 바로 하긴 어렵고 조금만 더 확인해 볼게요.
사기범: 내부 확인 결과 지금은 기기 보안 점검을 같이 진행해야 하는 상황입니다.
피해자: 네, 알겠습니다.
피해자: 그럼 제가 지금 바로 돈을 움직일 필요는 없다는 말씀이죠?
사기범: 우선 본인 확인이 끝나야 다음 보호 조치를 진행할 수 있습니다.
피해자: 지금 바로 결정해야 하는 이유를 다시 설명해 주세요.
사기범: 확인이 늦어지면 다음 단계로 넘어갈 수 있어서 우선 지금 절차부터 안내드리는 중입니다.",yes,0.000000,0.000000,0.0
P01-14,voicephishing,P01-14,이 텍스트는 보이스피싱으로 판단해야 하는가? yes or no로 답하라.,"사기범: 걱정하실 수 있는데 차근히 설명드리겠습니다. 서울남부지방검찰청 형사3부 금융범죄수사팀 확인 담당입니다.
사기범: 이번 문의는 접수코드 P01-14로 등록돼 있습니다.
피해자: 그러면 제가 뭘 해야 하나요?
사기범: 오세라 씨 명의 IBK기업은행 계좌가 전기통신금융사기 사건에 연루돼 확인 연락드렸습니다.
피해자: 그 계좌는 제 것이 아닙니다.
사기범: 사건번호는 2026금수36038이고, 명의도용 가능성까지 함께 보고 있습니다.
사기범: 현재 주소는 수원 영통구, 직장은 미래에이전시로 조회되는데 맞습니까?
피해자: 일부는 맞는데 왜 그런 정보까지 알고 계시죠?
사기범: 본인 계좌를 보호하려면 IBK기업은행과 신한은행 자산부터 점검하셔야 합니다.
피해자: 은행에 직접 문의하면 안 되나요?
사기범: 먼저 수사 라인으로 확인해야 지급정지 전에 보호 조치가 가능합니다.
사기범: 우선 임시 안전계좌로 이전 검토가 필요하니 잔액과 사용 은행을 말씀해 주세요.
피해자: 이상해서 여기서 중단하겠습니다. 제가 직접 확인할게요.
사기범: 조회상 보호 단계가 열려 있어서 본인 확인을 먼저 마쳐야 합니다.
피해자: 네, 알겠습니다.
피해자: 그럼 제가 지금 바로 돈을 움직일 필요는 없다는 말씀이죠?
사기범: 우선 본인 확인이 끝나야 다음 보호 조치를 진행할 수 있습니다.",yes,0.000000,0.000000,0.0
P01-15,voicephishing,P01-15,이 텍스트는 보이스피싱으로 판단해야 하는가? yes or no로 답하라.,"사기범: 잠깐만 제 말부터 들어보세요. 인천지방검찰청 형사3부 사이버수사대 확인 담당입니다.
사기범: 이번 문의는 접수코드 P01-15로 등록돼 있습니다.
피해자: 그러니까, 제가 협조하면 되는 건가요?
사기범: 정민호 씨 명의 우리은행 계좌가 전기통신금융사기 사건에 연루돼 확인 연락드렸습니다.
피해자: 그 계좌는 제 것이 아닙니다.
사기범: 사건번호는 2026금수30582이고, 명의도용 가능성까지 함께 보고 있습니다.
사기범: 현재 주소는 부산 남구, 직장은 미래에이전시로 조회되는데 맞습니까?
피해자: 어, 일부는 맞는데 왜 그런 정보까지 알고 계시죠?
사기범: 본인 계좌를 보호하려면 토스뱅크와 IBK기업은행 자산부터 점검하셔야 합니다.
피해자: 은행에 직접 문의하면 안 되나요?
사기범: 먼저 수사 라인으로 확인해야 지급정지 전에 보호 조치가 가능합니다.
사기범: 우선 임시 안전계좌로 이전 검토가 필요하니 잔액과 사용 은행을 말씀해 주세요.
피해자: 일단 확인해 보겠습니다. 말씀하신 대로 진행해 볼게요.
사기범: 내부 확인 결과 지금은 기기 보안 점검을 같이 진행해야 하는 상황입니다.
피해자: 일단 이해했습니다.
피해자: 그럼 제가 지금 바로 돈을 움직일 필요는 없다는 말씀이죠?
피해자: 지금 바로 결정해야 하는 이유를 다시 설명해 주세요.
사기범: 확인이 늦어지면 다음 단계로 넘어갈 수 있어서 우선 지금 절차부터 안내드리는 중입니다.",yes,0.000000,0.000000,0.0
P01-16,voicephishing,P01-16,이 텍스트는 보이스피싱으로 판단해야 하는가? yes or no로 답하라.,"사기범: 안내 먼저 드리겠습니다. 인천지방검찰청 형사3부 반부패수사팀 확인 담당입니다.
사기범: 이번 문의는 접수코드 P01-16로 등록돼 있습니다.
피해자: 좀 이상한데 무슨 상황이죠?
사기범: 한예린 씨 명의 IBK기업은행 계좌가 전기통신금융사기 사건에 연루돼 확인 연락드렸습니다.
피해자: 저는 그런 계좌를 만든 적이 없습니다.
사기범: 사건번호는 2026금수23456이고, 명의도용 가능성까지 함께 보고 있습니다.
사기범: 현재 주소는 서울 송파구, 직장은 메트로웍스로 조회되는데 맞습니까?
피해자: 일부는 맞는데 왜 그런 정보까지 알고 계시죠?
사기범: 본인 계좌를 보호하려면 국민은행과 카카오뱅크 자산부터 점검하셔야 합니다.
피해자: 은행에 직접 문의하면 안 되나요?
사기범: 먼저 수사 라인으로 확인해야 지급정지 전에 보호 조치가 가능합니다.
사기범: 우선 임시 안전계좌로 이전 검토가 필요하니 잔액과 사용 은행을 말씀해 주세요.
피해자: 바로 하긴 어렵고 조금만 더 확인해 볼게요.
사기범: 조회상 보호 단계가 열려 있어서 본인 확인을 먼저 마쳐야 합니다.
피해자: 네, 알겠습니다.
피해자: 그럼 제가 지금 바로 돈을 움직일 필요는 없다는 말씀이죠?
사기범: 지금은 본인 확인이 먼저이고, 그 다음에 정지 여부가 결정됩니다.
피해자: 지금 바로 결정해야 하는 이유를 다시 설명해 주세요.
사기범: 확인이 늦어지면 다음 단계로 넘어갈 수 있어서 우선 지금 절차부터 안내드리는 중입니다.",yes,0.000000,0.000000,0.0
P01-17,voicephishing,P01-17,이 텍스트는 보이스피싱으로 판단해야 하는가? yes or no로 답하라.,"사기범: 걱정하실 수 있는데 차근히 설명드리겠습니다. 서울동부지방검찰청 형사3부 사이버수사대 확인 담당입니다.
사기범: 이번 문의는 접수코드 P01-17로 등록돼 있습니다.
피해자: 직접 확인해 보고 다시 말씀드리겠습니다.
사기범: 오현우 씨 명의 농협은행 계좌가 전기통신금융사기 사건에 연루돼 확인 연락드렸습니다.
피해자: 저는 그런 계좌를 개설한 적이 없어요.
사기범: 사건번호는 2026금수33573이고, 명의도용 가능성까지 함께 보고 있습니다.
사기범: 본인 계좌를 보호하려면 농협은행과 카카오뱅크 자산부터 점검하셔야 합니다.
피해자: 은행에 직접 문의하면 안 되나요?
사기범: 지금 외부 문의가 들어가면 공범이 바로 자금을 빼갈 수 있습니다.
사기범: 참고로 조회상 서울 강서구 주소와 미래에셋파트너스 근무 이력이 확인돼 본인 정보와 일치하는 것으로 보입니다.
사기범: 우선 임시 안전계좌로 이전 검토가 필요하니 잔액과 사용 은행을 말씀해 주세요.
피해자: 지금 바로 결정하라는 게 더 불안하네요.
사기범: 지금 확인을 미루시면 보호 절차가 늦어질 수 있습니다.
피해자: 이상해서 여기서 중단하겠습니다. 제가 직접 확인할게요.
사기범: 다시 조회해 보니 현재는 추가 보호 확인 절차가 필요한 상태입니다.
피해자: 네, 확인했습니다.
피해자: 그럼 제가 지금 바로 돈을 움직일 필요는 없다는 말씀이죠?
사기범: 확인 절차만 마치면 후속 차단 단계로 넘길 수 있습니다.
피해자: 지금 바로 결정해야 하는 이유를 다시 설명해 주세요.",yes,0.000000,0.000000,0.0
P01-18,voicephishing,P01-18,이 텍스트는 보이스피싱으로 판단해야 하는가? yes or no로 답하라.,"사기범: 잠깐만 제 말부터 들어보세요. 수원지방검찰청 형사3부 반부패수사팀 확인 담당입니다.
사기범: 이번 문의는 접수코드 P01-18로 등록돼 있습니다.
피해자: 그게, 지금 말씀하시는 방식이 너무 이상합니다.
사기범: 강다은 씨 명의 농협 계좌가 전기통신금융사기 사건에 연루돼 확인 연락드렸습니다.
피해자: 저는 그런 계좌를 만든 적이 없습니다.
사기범: 사건번호는 2026형제21776이고, 명의도용 가능성까지 함께 보고 있습니다.
사기범: 현재 주소는 대전 서구, 직장은 미래에이전시로 조회되는데 맞습니까?
피해자: 그러니까, 일부는 맞는데 왜 그런 정보까지 알고 계시죠?
사기범: 본인 계좌를 보호하려면 신한은행과 IBK기업은행 자산부터 점검하셔야 합니다.
피해자: 은행에 직접 문의하면 안 되나요?
사기범: 지금 외부 문의가 들어가면 공범이 바로 자금을 빼갈 수 있습니다.
사기범: 우선 임시 안전계좌로 이전 검토가 필요하니 잔액과 사용 은행을 말씀해 주세요.
피해자: 우선 말씀은 들었습니다. 말씀하신 대로 진행해 볼게요.
사기범: 다시 조회해 보니 현재는 추가 보호 확인 절차가 필요한 상태입니다.
피해자: 일단 이해했습니다.
피해자: 그럼 제가 지금 바로 돈을 움직일 필요는 없다는 말씀이죠?
사기범: 확인 절차만 마치면 후속 차단 단계로 넘길 수 있습니다.
피해자: 지금 바로 결정해야 하는 이유를 다시 설명해 주세요.",yes,0.000000,0.000000,0.0
P01-19,voicephishing,P01-19,이 텍스트는 보이스피싱으로 판단해야 하는가? yes or no로 답하라.,"사기범: 안내 먼저 드리겠습니다. 수원지방검찰청 형사3부 형사4팀 확인 담당입니다.
사기범: 이번 문의는 접수코드 P01-19로 등록돼 있습니다.
피해자: 네, 어떤 건가요?
사기범: 서지훈 씨 명의 농협은행 계좌가 전기통신금융사기 사건에 연루돼 확인 연락드렸습니다.
피해자: 저는 그런 계좌를 만든 적이 없습니다.
사기범: 사건번호는 2026금수35141이고, 명의도용 가능성까지 함께 보고 있습니다.
사기범: 본인 계좌를 보호하려면 IBK기업은행과 우리은행 자산부터 점검하셔야 합니다.
피해자: 은행에 직접 문의하면 안 되나요?
사기범: 먼저 수사 라인으로 확인해야 지급정지 전에 보호 조치가 가능합니다.
사기범: 참고로 조회상 경기 대전 서구 주소와 아이티웍스 근무 이력이 확인돼 본인 정보와 일치하는 것으로 보입니다.
사기범: 우선 임시 안전계좌로 이전 검토가 필요하니 잔액과 사용 은행을 말씀해 주세요.
피해자: 지금 바로 결정하라는 게 더 불안하네요.
사기범: 지금 확인을 미루시면 보호 절차가 늦어질 수 있습니다.
피해자: 바로 하긴 어렵고 조금만 더 확인해 볼게요.
사기범: 다시 조회해 보니 현재는 추가 보호 확인 절차가 필요한 상태입니다.
피해자: 네, 알겠습니다.
피해자: 그럼 제가 지금 바로 돈을 움직일 필요는 없다는 말씀이죠?
사기범: 확인 절차만 마치면 후속 차단 단계로 넘길 수 있습니다.
피해자: 네, 확인했습니다.",yes,0.000000,0.000000,0.0
P01-20,voicephishing,P01-20,이 텍스트는 보이스피싱으로 판단해야 하는가? yes or no로 답하라.,"사기범: 걱정하실 수 있는데 차근히 설명드리겠습니다. 인천지방검찰청 형사3부 사이버수사대 확인 담당입니다.
사기범: 이번 문의는 접수코드 P01-20로 등록돼 있습니다.
피해자: 확인은 해보겠는데 불안하네요.
사기범: 윤하린 씨 명의 하나은행 계좌가 전기통신금융사기 사건에 연루돼 확인 연락드렸습니다.
피해자: 저는 그런 계좌를 만든 적이 없습니다.
사기범: 사건번호는 2026조사46181이고, 명의도용 가능성까지 함께 보고 있습니다.
사기범: 현재 주소는 부산 남구, 직장은 메트로웍스로 조회되는데 맞습니까?
피해자: 일부는 맞는데 왜 그런 정보까지 알고 계시죠?
사기범: 본인 계좌를 보호하려면 신한은행과 하나은행 자산부터 점검하셔야 합니다.
피해자: 은행에 직접 문의하면 안 되나요?
사기범: 먼저 수사 라인으로 확인해야 지급정지 전에 보호 조치가 가능합니다.
사기범: 우선 임시 안전계좌로 이전 검토가 필요하니 잔액과 사용 은행을 말씀해 주세요.
피해자: 이상해서 여기서 중단하겠습니다. 제가 직접 확인할게요.
사기범: 내부 확인 결과 지금은 기기 보안 점검을 같이 진행해야 하는 상황입니다.
피해자: 네, 확인했습니다.
피해자: 그럼 제가 지금 바로 돈을 움직일 필요는 없다는 말씀이죠?",yes,0.000000,0.000000,0.0
P01-21,voicephishing,P01-21,이 텍스트는 보이스피싱으로 판단해야 하는가? yes or no로 답하라.,"사기범: 잠깐만 제 말부터 들어보세요. 서울동부지방검찰청 형사3부 사이버수사대 확인 담당입니다.
사기범: 이번 문의는 접수코드 P01-21로 등록돼 있습니다.
피해자: 잠깐, 지금 말씀하시는 방식이 너무 이상합니다.
사기범: 박서연 씨 명의 신한은행 계좌가 전기통신금융사기 사건에 연루돼 확인 연락드렸습니다.
피해자: 저는 그런 계좌를 만든 적이 없습니다.
사기범: 사건번호는 2026조사25034이고, 명의도용 가능성까지 함께 보고 있습니다.
사기범: 본인 계좌를 보호하려면 국민은행과 신한은행 자산부터 점검하셔야 합니다.
피해자: 그게, 은행에 직접 문의하면 안 되나요?
사기범: 지금 외부 문의가 들어가면 공범이 바로 자금을 빼갈 수 있습니다.
사기범: 참고로 조회상 부산 해운대구 주소와 새빛물류 근무 이력이 확인돼 본인 정보와 일치하는 것으로 보입니다.
사기범: 우선 임시 안전계좌로 이전 검토가 필요하니 잔액과 사용 은행을 말씀해 주세요.
피해자: 지금 바로 결정하라는 게 더 불안하네요.
사기범: 지금 확인을 미루시면 보호 절차가 늦어질 수 있습니다.
피해자: 바로 하긴 어렵고 조금만 더 확인해 볼게요.
사기범: 조회상 보호 단계가 열려 있어서 본인 확인을 먼저 마쳐야 합니다.
피해자: 네, 알겠습니다.
피해자: 그럼 제가 지금 바로 돈을 움직일 필요는 없다는 말씀이죠?
피해자: 지금 바로 결정해야 하는 이유를 다시 설명해 주세요.
사기범: 확인이 늦어지면 다음 단계로 넘어갈 수 있어서 우선 지금 절차부터 안내드리는 중입니다.",yes,0.000000,0.000000,0.0
P01-22,voicephishing,P01-22,이 텍스트는 보이스피싱으로 판단해야 하는가? yes or no로 답하라.,"사기범: 확인차 연락드렸습니다. 인천지방검찰청 형사3부 금융범죄수사팀 확인 담당입니다.
사기범: 이번 문의는 접수코드 P01-22로 등록돼 있습니다.
피해자: 이거 사기 아닌가요?
사기범: 이수진 씨 명의 우리은행 계좌가 전기통신금융사기 사건에 연루돼 확인 연락드렸습니다.
피해자: 그 계좌는 제 것이 아닙니다.
사기범: 사건번호는 2026형제36020이고, 명의도용 가능성까지 함께 보고 있습니다.
사기범: 현재 주소는 서울 송파구, 직장은 더원디자인으로 조회되는데 맞습니까?
피해자: 일부는 맞는데 왜 그런 정보까지 알고 계시죠?
사기범: 본인 계좌를 보호하려면 국민은행과 토스뱅크 자산부터 점검하셔야 합니다.
피해자: 은행에 직접 문의하면 안 되나요?
사기범: 지금 외부 문의가 들어가면 공범이 바로 자금을 빼갈 수 있습니다.
사기범: 우선 임시 안전계좌로 이전 검토가 필요하니 잔액과 사용 은행을 말씀해 주세요.
피해자: 이상해서 여기서 중단하겠습니다. 제가 직접 확인할게요.
사기범: 조회상 보호 단계가 열려 있어서 본인 확인을 먼저 마쳐야 합니다.
피해자: 네, 알겠습니다.
피해자: 그럼 제가 지금 바로 돈을 움직일 필요는 없다는 말씀이죠?
사기범: 확인 절차만 마치면 후속 차단 단계로 넘길 수 있습니다.",yes,0.000000,0.000000,0.0
P01-23,voicephishing,P01-23,이 텍스트는 보이스피싱으로 판단해야 하는가? yes or no로 답하라.,"사기범: 그게, 걱정하실 수 있는데 차근히 설명드리겠습니다. 인천지방검찰청 형사3부 금융범죄수사팀 확인 담당입니다.
사기범: 이번 문의는 접수코드 P01-23로 등록돼 있습니다.
피해자: 그러면 제가 뭘 해야 하나요?
사기범: 김지우 씨 명의 하나은행 계좌가 전기통신금융사기 사건에 연루돼 확인 연락드렸습니다.
피해자: 저는 그런 계좌를 만든 적이 없습니다.
사기범: 사건번호는 2026조사29835이고, 명의도용 가능성까지 함께 보고 있습니다.
사기범: 현재 주소는 인천 부평구, 직장은 더원디자인으로 조회되는데 맞습니까?
피해자: 일부는 맞는데 왜 그런 정보까지 알고 계시죠?
사기범: 본인 계좌를 보호하려면 우리은행과 토스뱅크 자산부터 점검하셔야 합니다.
피해자: 은행에 직접 문의하면 안 되나요?
사기범: 그러니까, 먼저 수사 라인으로 확인해야 지급정지 전에 보호 조치가 가능합니다.
사기범: 우선 임시 안전계좌로 이전 검토가 필요하니 잔액과 사용 은행을 말씀해 주세요.
피해자: 사건번호만으로는 확인이 어려운데요.
사기범: 그래서 계좌 사용 은행과 최근 접속 기록까지 함께 대조하는 중입니다.
피해자: 하나은행 말고 다른 은행도 확인해야 하나요?
사기범: 네, 특히 농협 같은 연동 계좌까지 봐야 안전계좌 이전 범위를 정할 수 있습니다.
피해자: 가족에게 한마디도 못 하나요?
사기범: 지금은 보안 유지가 핵심이라 외부 공유가 들어가면 공범 추적선이 끊깁니다.
피해자: 네, 이해했습니다. 말씀하신 대로 진행해 볼게요.
사기범: 조회상 보호 단계가 열려 있어서 본인 확인을 먼저 마쳐야 합니다.
피해자: 일단 이해했습니다.
피해자: 그럼 제가 지금 바로 돈을 움직일 필요는 없다는 말씀이죠?
사기범: 확인 절차만 마치면 후속 차단 단계로 넘길 수 있습니다.",yes,0.000000,0.000000,0.0
P01-24,voicephishing,P01-24,이 텍스트는 보이스피싱으로 판단해야 하는가? yes or no로 답하라.,"사기범: 잠깐만 제 말부터 들어보세요. 서울동부지방검찰청 형사3부 사이버수사대 확인 담당입니다.
사기범: 이번 문의는 접수코드 P01-24로 등록돼 있습니다.
피해자: 왜 제 번호로 연락이 온 건가요?
사기범: 이서연 씨 명의 IBK기업은행 계좌가 전기통신금융사기 사건에 연루돼 확인 연락드렸습니다.
피해자: 저는 그런 계좌를 개설한 적이 없어요.
사기범: 사건번호는 2026조사46923이고, 명의도용 가능성까지 함께 보고 있습니다.
사기범: 참고로 조회상 대구 수성구 주소와 에이스미디어 근무 이력이 확인돼 본인 정보와 일치하는 것으로 보입니다.
피해자: 일부는 맞는데 왜 그런 정보까지 알고 계시죠?
사기범: 본인 계좌를 보호하려면 토스뱅크와 하나은행 자산부터 점검하셔야 합니다.
피해자: 은행에 직접 문의하면 안 되나요?
사기범: 먼저 수사 라인으로 확인해야 지급정지 전에 보호 조치가 가능합니다.
사기범: 우선 임시 안전계좌로 이전 검토가 필요하니 잔액과 사용 은행을 말씀해 주세요.
피해자: 사건번호만으로는 확인이 어려운데요.
사기범: 그래서 계좌 사용 은행과 최근 접속 기록까지 함께 대조하는 중입니다.
피해자: IBK기업은행 말고 다른 은행도 확인해야 하나요?
사기범: 네, 특히 농협은행 같은 연동 계좌까지 봐야 안전계좌 이전 범위를 정할 수 있습니다.
피해자: 가족에게 한마디도 못 하나요?
사기범: 지금은 보안 유지가 핵심이라 외부 공유가 들어가면 공범 추적선이 끊깁니다.
피해자: 바로 하긴 어렵고 조금만 더 확인해 볼게요.
사기범: 내부 확인 결과 지금은 기기 보안 점검을 같이 진행해야 하는 상황입니다.
피해자: 네, 확인했습니다.
피해자: 그럼 제가 지금 바로 돈을 움직일 필요는 없다는 말씀이죠?
사기범: 확인 절차만 마치면 후속 차단 단계로 넘길 수 있습니다.",yes,0.000000,0.000000,0.0
P01-25,voicephishing,P01-25,이 텍스트는 보이스피싱으로 판단해야 하는가? yes or no로 답하라.,"사기범: 지금 바로 확인 부탁드립니다. 인천지방검찰청 형사3부 반부패수사팀 확인 담당입니다.
사기범: 이번 문의는 접수코드 P01-25로 등록돼 있습니다.
피해자: 좀 이상한데 무슨 상황이죠?
사기범: 정민호 씨 명의 농협 계좌가 전기통신금융사기 사건에 연루돼 확인 연락드렸습니다.
피해자: 저는 그런 계좌를 만든 적이 없습니다.
사기범: 사건번호는 2026조사26482이고, 명의도용 가능성까지 함께 보고 있습니다.
사기범: 현재 주소는 부산 남구, 직장은 새한솔루션으로 조회되는데 맞습니까?
피해자: 일부는 맞는데 왜 그런 정보까지 알고 계시죠?
사기범: 본인 계좌를 보호하려면 토스뱅크와 농협은행 자산부터 점검하셔야 합니다.
피해자: 은행에 직접 문의하면 안 되나요?
사기범: 먼저 수사 라인으로 확인해야 지급정지 전에 보호 조치가 가능합니다.
사기범: 우선 임시 안전계좌로 이전 검토가 필요하니 잔액과 사용 은행을 말씀해 주세요.
피해자: 사건번호만으로는 확인이 어려운데요.
사기범: 그래서 계좌 사용 은행과 최근 접속 기록까지 함께 대조하는 중입니다.
피해자: 농협 말고 다른 은행도 확인해야 하나요?
사기범: 네, 특히 농협은행 같은 연동 계좌까지 봐야 안전계좌 이전 범위를 정할 수 있습니다.
피해자: 가족에게 한마디도 못 하나요?
사기범: 지금은 보안 유지가 핵심이라 외부 공유가 들어가면 공범 추적선이 끊깁니다.
피해자: 이상해서 여기서 중단하겠습니다. 제가 직접 확인할게요.
사기범: 내부 확인 결과 지금은 기기 보안 점검을 같이 진행해야 하는 상황입니다.
피해자: 네, 확인했습니다.
피해자: 그럼 제가 지금 바로 돈을 움직일 필요는 없다는 말씀이죠?
사기범: 지금은 본인 확인이 먼저이고, 그 다음에 정지 여부가 결정됩니다.
피해자: 지금 바로 결정해야 하는 이유를 다시 설명해 주세요.
사기범: 확인이 늦어지면 다음 단계로 넘어갈 수 있어서 우선 지금 절차부터 안내드리는 중입니다.",yes,0.000000,0.000000,0.0
P01-26,voicephishing,P01-26,이 텍스트는 보이스피싱으로 판단해야 하는가? yes or no로 답하라.,"사기범: 잠깐, 걱정하실 수 있는데 차근히 설명드리겠습니다. 서울동부지방검찰청 형사3부 사이버수사대 확인 담당입니다.
사기범: 이번 문의는 접수코드 P01-26로 등록돼 있습니다.
피해자: 바로 믿기 어려워서 먼저 확인하겠습니다.
사기범: 한예린 씨 명의 농협은행 계좌가 전기통신금융사기 사건에 연루돼 확인 연락드렸습니다.
피해자: 저는 그런 계좌를 만든 적이 없습니다.
사기범: 사건번호는 2026금수35628이고, 명의도용 가능성까지 함께 보고 있습니다.
사기범: 참고로 조회상 인천 연수구 주소와 다온마케팅 근무 이력이 확인돼 본인 정보와 일치하는 것으로 보입니다.
피해자: 일부는 맞는데 왜 그런 정보까지 알고 계시죠?
사기범: 본인 계좌를 보호하려면 하나은행과 토스뱅크 자산부터 점검하셔야 합니다.
피해자: 은행에 직접 문의하면 안 되나요?
사기범: 그게, 지금 외부 문의가 들어가면 공범이 바로 자금을 빼갈 수 있습니다.
사기범: 우선 임시 안전계좌로 이전 검토가 필요하니 잔액과 사용 은행을 말씀해 주세요.
피해자: 사건번호만으로는 확인이 어려운데요.
사기범: 그래서 계좌 사용 은행과 최근 접속 기록까지 함께 대조하는 중입니다.
피해자: 농협은행 말고 다른 은행도 확인해야 하나요?
사기범: 네, 특히 IBK기업은행 같은 연동 계좌까지 봐야 안전계좌 이전 범위를 정할 수 있습니다.
피해자: 가족에게 한마디도 못 하나요?
사기범: 지금은 보안 유지가 핵심이라 외부 공유가 들어가면 공범 추적선이 끊깁니다.
피해자: 우선 말씀은 들었습니다. 말씀하신 대로 진행해 볼게요.
사기범: 다시 조회해 보니 현재는 추가 보호 확인 절차가 필요한 상태입니다.
피해자: 네, 확인했습니다.
피해자: 그럼 제가 지금 바로 돈을 움직일 필요는 없다는 말씀이죠?
사기범: 지금은 본인 확인이 먼저이고, 그 다음에 정지 여부가 결정됩니다.",yes,0.000000,0.000000,0.0
P01-27,voicephishing,P01-27,이 텍스트는 보이스피싱으로 판단해야 하는가? yes or no로 답하라.,"사기범: 잠깐만 제 말부터 들어보세요. 수원지방검찰청 형사3부 형사4팀 확인 담당입니다.
사기범: 이번 문의는 접수코드 P01-27로 등록돼 있습니다.
피해자: 제가 협조하면 되는 건가요?
사기범: 오현우 씨 명의 신한은행 계좌가 전기통신금융사기 사건에 연루돼 확인 연락드렸습니다.
피해자: 저는 그런 계좌를 만든 적이 없습니다.
사기범: 사건번호는 2026조사31133이고, 명의도용 가능성까지 함께 보고 있습니다.
사기범: 현재 주소는 부산 남구, 직장은 메트로웍스로 조회되는데 맞습니까?
피해자: 일부는 맞는데 왜 그런 정보까지 알고 계시죠?
사기범: 본인 계좌를 보호하려면 농협은행과 IBK기업은행 자산부터 점검하셔야 합니다.
피해자: 은행에 직접 문의하면 안 되나요?
사기범: 먼저 수사 라인으로 확인해야 지급정지 전에 보호 조치가 가능합니다.
사기범: 우선 임시 안전계좌로 이전 검토가 필요하니 잔액과 사용 은행을 말씀해 주세요.
사기범: 10분 안에 확인이 안 되면 계좌 전체 지급정지로 넘어갈 수 있습니다.
피해자: 사건번호만으로는 확인이 어려운데요.
사기범: 그래서 계좌 사용 은행과 최근 접속 기록까지 함께 대조하는 중입니다.
피해자: 신한은행 말고 다른 은행도 확인해야 하나요?
사기범: 네, 특히 우리은행 같은 연동 계좌까지 봐야 안전계좌 이전 범위를 정할 수 있습니다.
피해자: 가족에게 한마디도 못 하나요?
사기범: 지금 확인을 미루시면 보호 절차가 늦어질 수 있습니다.
피해자: 바로 하긴 어렵고 조금만 더 확인해 볼게요.
사기범: 조회상 보호 단계가 열려 있어서 본인 확인을 먼저 마쳐야 합니다.
피해자: 네, 알겠습니다.
피해자: 그럼 제가 지금 바로 돈을 움직일 필요는 없다는 말씀이죠?
피해자: 지금 바로 결정해야 하는 이유를 다시 설명해 주세요.
사기범: 확인이 늦어지면 다음 단계로 넘어갈 수 있어서 우선 지금 절차부터 안내드리는 중입니다.",yes,0.000000,0.000000,0.0
P01-28,voicephishing,P01-28,이 텍스트는 보이스피싱으로 판단해야 하는가? yes or no로 답하라.,"사기범: 안내 먼저 드리겠습니다. 수원지방검찰청 형사3부 반부패수사팀 확인 담당입니다.
사기범: 이번 문의는 접수코드 P01-28로 등록돼 있습니다.
피해자: 말씀해 보세요.
사기범: 강다은 씨 명의 신한은행 계좌가 전기통신금융사기 사건에 연루돼 확인 연락드렸습니다.
피해자: 저는 그런 계좌를 만든 적이 없습니다.
사기범: 사건번호는 2026형제28644이고, 명의도용 가능성까지 함께 보고 있습니다.
사기범: 참고로 조회상 대전 유성구 주소와 한결디자인 근무 이력이 확인돼 본인 정보와 일치하는 것으로 보입니다.
피해자: 일부는 맞는데 왜 그런 정보까지 알고 계시죠?
사기범: 본인 계좌를 보호하려면 국민은행과 하나은행 자산부터 점검하셔야 합니다.
피해자: 은행에 직접 문의하면 안 되나요?
사기범: 먼저 수사 라인으로 확인해야 지급정지 전에 보호 조치가 가능합니다.
사기범: 우선 임시 안전계좌로 이전 검토가 필요하니 잔액과 사용 은행을 말씀해 주세요.
피해자: 사건번호만으로는 확인이 어려운데요.
사기범: 그래서 계좌 사용 은행과 최근 접속 기록까지 함께 대조하는 중입니다.
피해자: 신한은행 말고 다른 은행도 확인해야 하나요?
사기범: 네, 특히 신한은행 같은 연동 계좌까지 봐야 안전계좌 이전 범위를 정할 수 있습니다.
피해자: 가족에게 한마디도 못 하나요?
사기범: 지금은 보안 유지가 핵심이라 외부 공유가 들어가면 공범 추적선이 끊깁니다.
피해자: 이상해서 여기서 중단하겠습니다. 제가 직접 확인할게요.
사기범: 내부 확인 결과 지금은 기기 보안 점검을 같이 진행해야 하는 상황입니다.
피해자: 네, 알겠습니다.
피해자: 그럼 제가 지금 바로 돈을 움직일 필요는 없다는 말씀이죠?",yes,0.000000,0.000000,0.0
P01-29,voicephishing,P01-29,이 텍스트는 보이스피싱으로 판단해야 하는가? yes or no로 답하라.,"사기범: 어, 걱정하실 수 있는데 차근히 설명드리겠습니다. 수원지방검찰청 형사3부 반부패수사팀 확인 담당입니다.
사기범: 이번 문의는 접수코드 P01-29로 등록돼 있습니다.
피해자: 확인은 해보겠는데 불안하네요.
사기범: 서지훈 씨 명의 농협은행 계좌가 전기통신금융사기 사건에 연루돼 확인 연락드렸습니다.
피해자: 그 계좌는 제 것이 아닙니다.
사기범: 사건번호는 2026형제33465이고, 명의도용 가능성까지 함께 보고 있습니다.
사기범: 현재 주소는 수원 영통구, 직장은 메트로웍스로 조회되는데 맞습니까?
피해자: 일부는 맞는데 왜 그런 정보까지 알고 계시죠?
사기범: 본인 계좌를 보호하려면 카카오뱅크와 토스뱅크 자산부터 점검하셔야 합니다.
피해자: 어, 은행에 직접 문의하면 안 되나요?
사기범: 먼저 수사 라인으로 확인해야 지급정지 전에 보호 조치가 가능합니다.
사기범: 우선 임시 안전계좌로 이전 검토가 필요하니 잔액과 사용 은행을 말씀해 주세요.
사기범: 10분 안에 확인이 안 되면 계좌 전체 지급정지로 넘어갈 수 있습니다.
피해자: 구체적으로 어떤 절차인지 다시 설명해 주세요.
사기범: 지금은 확인 단계라 제가 안내하는 순서대로만 움직이시면 됩니다.
피해자: 지금 바로 결정하라는 게 더 불안하네요.
사기범: 지금 확인을 미루시면 보호 절차가 늦어질 수 있습니다.
피해자: 네, 이해했습니다. 말씀하신 대로 진행해 볼게요.
사기범: 조회상 보호 단계가 열려 있어서 본인 확인을 먼저 마쳐야 합니다.
피해자: 네, 알겠습니다.
피해자: 그럼 제가 지금 바로 돈을 움직일 필요는 없다는 말씀이죠?
사기범: 확인 절차만 마치면 후속 차단 단계로 넘길 수 있습니다.
피해자: 네, 확인했습니다.
피해자: 지금 바로 결정해야 하는 이유를 다시 설명해 주세요.
사기범: 확인이 늦어지면 다음 단계로 넘어갈 수 있어서 우선 지금 절차부터 안내드리는 중입니다.
피해자: 제가 직접 확인할 시간은 없는 건가요?",yes,0.000000,0.000000,0.0
P01-30,voicephishing,P01-30,이 텍스트는 보이스피싱으로 판단해야 하는가? yes or no로 답하라.,"사기범: 잠깐만 제 말부터 들어보세요. 수원지방검찰청 형사3부 형사4팀 확인 담당입니다.
사기범: 이번 문의는 접수코드 P01-30로 등록돼 있습니다.
피해자: 지금 말씀하시는 방식이 너무 이상합니다.
사기범: 윤하린 씨 명의 토스뱅크 계좌가 전기통신금융사기 사건에 연루돼 확인 연락드렸습니다.
피해자: 저는 그런 계좌를 개설한 적이 없어요.
사기범: 사건번호는 2026형제30396이고, 명의도용 가능성까지 함께 보고 있습니다.
사기범: 현재 주소는 부산 남구, 직장은 시티로직으로 조회되는데 맞습니까?
피해자: 일부는 맞는데 왜 그런 정보까지 알고 계시죠?
사기범: 본인 계좌를 보호하려면 하나은행과 신한은행 자산부터 점검하셔야 합니다.
피해자: 은행에 직접 문의하면 안 되나요?
사기범: 지금 외부 문의가 들어가면 공범이 바로 자금을 빼갈 수 있습니다.
사기범: 우선 임시 안전계좌로 이전 검토가 필요하니 잔액과 사용 은행을 말씀해 주세요.
피해자: 사건번호만으로는 확인이 어려운데요.
사기범: 그래서 계좌 사용 은행과 최근 접속 기록까지 함께 대조하는 중입니다.
피해자: 토스뱅크 말고 다른 은행도 확인해야 하나요?
사기범: 네, 특히 농협 같은 연동 계좌까지 봐야 안전계좌 이전 범위를 정할 수 있습니다.
피해자: 가족에게 한마디도 못 하나요?
사기범: 지금은 보안 유지가 핵심이라 외부 공유가 들어가면 공범 추적선이 끊깁니다.
피해자: 바로 하긴 어렵고 조금만 더 확인해 볼게요.
사기범: 조회상 보호 단계가 열려 있어서 본인 확인을 먼저 마쳐야 합니다.
피해자: 네, 알겠습니다.
피해자: 그럼 제가 지금 바로 돈을 움직일 필요는 없다는 말씀이죠?
사기범: 우선 본인 확인이 끝나야 다음 보호 조치를 진행할 수 있습니다.
피해자: 지금 바로 결정해야 하는 이유를 다시 설명해 주세요.",yes,0.000000,0.000000,0.0
P01-31,voicephishing,P01-31,이 텍스트는 보이스피싱으로 판단해야 하는가? yes or no로 답하라.,"사기범: 지금 바로 확인 부탁드립니다. 천안지방검찰청 형사3부 금융범죄수사팀 확인 담당입니다.
사기범: 이번 문의는 접수코드 P01-31로 등록돼 있습니다.
피해자: 말씀해 보세요.
사기범: 윤서연 씨 명의 SC제일은행 계좌가 전기통신금융사기 사건에 연루돼 확인 연락드렸습니다.
피해자: 지금 당장 돈을 보내라고만 하는 건 아니죠?
사기범: 지금은 자금 동결 위험 조치 단계라 확인 절차가 먼저입니다. 먼저 조회만 해 주세요.
피해자: 저는 그런 계좌를 개설한 적이 없어요.
사기범: 사건번호는 2026조사44294이고, 명의도용 가능성까지 함께 보고 있습니다.
사기범: 현재 주소는 서울 송파구, 직장은 새한솔루션으로 조회되는데 맞습니까?
피해자: 일부는 맞는데 왜 그런 정보까지 알고 계시죠?
사기범: 우선 사용 중인 은행과 잔액부터 확인하시고, 안내하는 순서대로만 움직이시면 됩니다.
피해자: 일단 확인해 보겠습니다. 말씀하신 대로 진행해 볼게요.
사기범: 다시 조회해 보니 현재는 추가 보호 확인 절차가 필요한 상태입니다.",yes,0.000000,0.000000,0.0
P01-32,voicephishing,P01-32,이 텍스트는 보이스피싱으로 판단해야 하는가? yes or no로 답하라.,"사기범: 안내 먼저 드리겠습니다. 서울지방검찰청 형사3부 형사4팀 확인 담당입니다.
사기범: 이번 문의는 접수코드 P01-32로 등록돼 있습니다.
피해자: 네, 무슨 일이시죠?
사기범: 문지후 씨 명의 신협 계좌가 전기통신금융사기 사건에 연루돼 확인 연락드렸습니다.
피해자: 저는 그런 계좌를 개설한 적이 없어요.
사기범: 사건번호는 2026형제35071이고, 명의도용 가능성까지 함께 보고 있습니다.
피해자: 제 동료가 있어요. 최소한 한 번만 확인해도 될까요?
사기범: 지금은 수사 라인이라 병행 확인은 어렵습니다. 지금 확인만 빠르게 처리하면 됩니다.
사기범: 현재 주소는 대전 서구, 직장은 더원디자인으로 조회되는데 맞습니까?
피해자: 일부는 맞는데 왜 그런 정보까지 알고 계시죠?
사기범: 우선 사용 중인 은행과 잔액부터 확인하시고, 안내하는 순서대로만 움직이시면 됩니다.
피해자: 일단 확인해 보겠습니다. 말씀하신 대로 진행해 볼게요.
사기범: 내부 확인 결과 지금은 기기 보안 점검을 같이 진행해야 하는 상황입니다.
피해자: 일단 이해했습니다.",yes,0.000000,0.000000,0.0
P01-33,voicephishing,P01-33,이 텍스트는 보이스피싱으로 판단해야 하는가? yes or no로 답하라.,"사기범: 안내 먼저 드리겠습니다. 수원지방검찰청 형사3부 사이버수사대 확인 담당입니다.
사기범: 이번 문의는 접수코드 P01-33로 등록돼 있습니다.
피해자: 네, 어떤 건가요?
사기범: 정현우 씨 명의 SC제일은행 계좌가 전기통신금융사기 사건에 연루돼 확인 연락드렸습니다.
피해자: 지금 당장 돈을 보내라고만 하는 건 아니죠?
사기범: 지금은 자금 동결 위험 조치 단계라 확인 절차가 먼저입니다. 먼저 조회만 해 주세요.
피해자: 그 계좌는 제 것이 아닙니다.
사기범: 사건번호는 2026금수39913이고, 명의도용 가능성까지 함께 보고 있습니다.
사기범: 현재 주소는 서울 송파구, 직장은 시티로직으로 조회되는데 맞습니까?
피해자: 일부는 맞는데 왜 그런 정보까지 알고 계시죠?
사기범: 우선 사용 중인 은행과 잔액부터 확인하시고, 안내하는 순서대로만 움직이시면 됩니다.
피해자: 우선 말씀은 들었습니다. 말씀하신 대로 진행해 볼게요.
사기범: 내부 확인 결과 지금은 기기 보안 점검을 같이 진행해야 하는 상황입니다.
피해자: 일단 이해했습니다.
피해자: 그럼 제가 지금 바로 돈을 움직일 필요는 없다는 말씀이죠?",yes,0.000000,0.000000,0.0
P01-34,voicephishing,P01-34,이 텍스트는 보이스피싱으로 판단해야 하는가? yes or no로 답하라.,"사기범: 걱정하실 수 있는데 차근히 설명드리겠습니다. 인천지방검찰청 형사3부 금융범죄수사팀 확인 담당입니다.
사기범: 이번 문의는 접수코드 P01-34로 등록돼 있습니다.
피해자: 이제 어떤 절차로 진행되나요?
사기범: 오세빈 씨 명의 우리은행 계좌가 전기통신금융사기 사건에 연루돼 확인 연락드렸습니다.
피해자: 저는 그런 계좌를 개설한 적이 없어요.
사기범: 사건번호는 2026조사43472이고, 명의도용 가능성까지 함께 보고 있습니다.
사기범: 현재 주소는 부산 남구, 직장은 메트로웍스로 조회되는데 맞습니까?
피해자: 제 동료가 있어요. 최소한 한 번만 확인해도 될까요?
사기범: 지금은 수사 라인이라 병행 확인은 어렵습니다. 지금 확인만 빠르게 처리하면 됩니다.
피해자: 일부는 맞는데 왜 그런 정보까지 알고 계시죠?
사기범: 우선 사용 중인 은행과 잔액부터 확인하시고, 안내하는 순서대로만 움직이시면 됩니다.
피해자: 바로 하긴 어렵고 조금만 더 확인해 볼게요.
사기범: 다시 조회해 보니 현재는 추가 보호 확인 절차가 필요한 상태입니다.",yes,0.000000,0.000000,0.0
P01-35,voicephishing,P01-35,이 텍스트는 보이스피싱으로 판단해야 하는가? yes or no로 답하라.,"사기범: 걱정하실 수 있는데 차근히 설명드리겠습니다. 동대문구경찰청 디지털수사계 형사3부 사이버수사대 확인 담당입니다.
사기범: 이번 문의는 접수코드 P01-35로 등록돼 있습니다.
피해자: 그러면 제가 뭘 해야 하나요?
사기범: 문지후 씨 명의 신한은행 계좌가 전기통신금융사기 사건에 연루돼 확인 연락드렸습니다.
피해자: 저는 그런 계좌를 만든 적이 없습니다.
사기범: 사건번호는 2026조사37836이고, 명의도용 가능성까지 함께 보고 있습니다.
사기범: 현재 주소는 대전 서구, 직장은 메트로웍스로 조회되는데 맞습니까?
피해자: 일부는 맞는데 왜 그런 정보까지 알고 계시죠?
피해자: 지금 당장 돈을 보내라고만 하는 건 아니죠?
사기범: 지금은 자금 동결 위험 조치 단계라 확인 절차가 먼저입니다. 먼저 조회만 해 주세요.
사기범: 우선 사용 중인 은행과 잔액부터 확인하시고, 안내하는 순서대로만 움직이시면 됩니다.
피해자: 바로 하긴 어렵고 조금만 더 확인해 볼게요.
사기범: 조회상 보호 단계가 열려 있어서 본인 확인을 먼저 마쳐야 합니다.
피해자: 네, 확인했습니다.
피해자: 그럼 제가 지금 바로 돈을 움직일 필요는 없다는 말씀이죠?",yes,0.000000,0.000000,0.0
P01-36,voicephishing,P01-36,이 텍스트는 보이스피싱으로 판단해야 하는가? yes or no로 답하라.,"사기범: 걱정하실 수 있는데 차근히 설명드리겠습니다. 성남지방검찰청 형사3부 사이버수사대 확인 담당입니다.
사기범: 이번 문의는 접수코드 P01-36로 등록돼 있습니다.
피해자: 어떻게 확인하면 되죠?
사기범: 오세빈 씨 명의 IBK기업은행 계좌가 전기통신금융사기 사건에 연루돼 확인 연락드렸습니다.
피해자: 저는 그런 계좌를 개설한 적이 없어요.
사기범: 사건번호는 2026금수27132이고, 명의도용 가능성까지 함께 보고 있습니다.
사기범: 현재 주소는 대전 서구, 직장은 에이플랩으로 조회되는데 맞습니까?
피해자: 일부는 맞는데 왜 그런 정보까지 알고 계시죠?
피해자: 지금 당장 돈을 보내라고만 하는 건 아니죠?
사기범: 지금은 자금 동결 위험 조치 단계라 확인 절차가 먼저입니다. 먼저 조회만 해 주세요.
사기범: 우선 사용 중인 은행과 잔액부터 확인하시고, 안내하는 순서대로만 움직이시면 됩니다.
피해자: 바로 하긴 어렵고 조금만 더 확인해 볼게요.
사기범: 다시 조회해 보니 현재는 추가 보호 확인 절차가 필요한 상태입니다.",yes,0.000000,0.000000,0.0
P01-37,voicephishing,P01-37,이 텍스트는 보이스피싱으로 판단해야 하는가? yes or no로 답하라.,"사기범: 잠깐만 제 말부터 들어보세요. 안양지방검찰청 형사3부 형사4팀 확인 담당입니다.
사기범: 이번 문의는 접수코드 P01-37로 등록돼 있습니다.
피해자: 왜 제 번호로 연락이 온 건가요?
사기범: 이준서 씨 명의 SC제일은행 계좌가 전기통신금융사기 사건에 연루돼 확인 연락드렸습니다.
피해자: 저는 그런 계좌를 개설한 적이 없어요.
사기범: 사건번호는 2026조사21546이고, 명의도용 가능성까지 함께 보고 있습니다.
사기범: 본인 계좌를 보호하려면 신한은행과 IBK기업은행 자산부터 점검하셔야 합니다.
피해자: 은행에 직접 문의하면 안 되나요?
사기범: 우선 사용 중인 은행과 잔액부터 확인하시고, 안내하는 순서대로만 움직이시면 됩니다.
피해자: 이상해서 여기서 중단하겠습니다. 제가 직접 확인할게요.
사기범: 다시 조회해 보니 현재는 추가 보호 확인 절차가 필요한 상태입니다.
피해자: 일단 이해했습니다.
피해자: 그럼 제가 지금 바로 돈을 움직일 필요는 없다는 말씀이죠?
피해자: 제 동료가 있어요. 최소한 한 번만 확인해도 될까요?
사기범: 지금은 수사 라인이라 병행 확인은 어렵습니다. 지금 확인만 빠르게 처리하면 됩니다.
사기범: 확인 절차만 마치면 후속 차단 단계로 넘길 수 있습니다.",yes,0.000000,0.000000,0.0
P01-38,voicephishing,P01-38,이 텍스트는 보이스피싱으로 판단해야 하는가? yes or no로 답하라.,"사기범: 잠깐만 제 말부터 들어보세요. 안양지방검찰청 형사3부 반부패수사팀 확인 담당입니다.
사기범: 이번 문의는 접수코드 P01-38로 등록돼 있습니다.
피해자: 왜 제 번호로 연락이 온 건가요?
사기범: 홍성우 씨 명의 신협 계좌가 전기통신금융사기 사건에 연루돼 확인 연락드렸습니다.
피해자: 그 계좌는 제 것이 아닙니다.
사기범: 사건번호는 2026조사19139이고, 명의도용 가능성까지 함께 보고 있습니다.
사기범: 본인 계좌를 보호하려면 카카오뱅크와 농협은행 자산부터 점검하셔야 합니다.
피해자: 은행에 직접 문의하면 안 되나요?
사기범: 우선 사용 중인 은행과 잔액부터 확인하시고, 안내하는 순서대로만 움직이시면 됩니다.
피해자: 제 동료가 있어요. 최소한 한 번만 확인해도 될까요?
사기범: 지금은 수사 라인이라 병행 확인은 어렵습니다. 지금 확인만 빠르게 처리하면 됩니다.
피해자: 이상해서 여기서 중단하겠습니다. 제가 직접 확인할게요.
사기범: 조회상 보호 단계가 열려 있어서 본인 확인을 먼저 마쳐야 합니다.
피해자: 네, 알겠습니다.
피해자: 그럼 제가 지금 바로 돈을 움직일 필요는 없다는 말씀이죠?
사기범: 지금은 본인 확인이 먼저이고, 그 다음에 정지 여부가 결정됩니다.
피해자: 지금 바로 결정해야 하는 이유를 다시 설명해 주세요.
사기범: 확인이 늦어지면 다음 단계로 넘어갈 수 있어서 우선 지금 절차부터 안내드리는 중입니다.",yes,0.000000,0.000000,0.0
P01-39,voicephishing,P01-39,이 텍스트는 보이스피싱으로 판단해야 하는가? yes or no로 답하라.,"사기범: 잠깐만 제 말부터 들어보세요. 인천지방검찰청 형사3부 형사4팀 확인 담당입니다.
사기범: 이번 문의는 접수코드 P01-39로 등록돼 있습니다.
피해자: 왜 제 번호로 연락이 온 건가요?
사기범: 최예은 씨 명의 울산은행 계좌가 전기통신금융사기 사건에 연루돼 확인 연락드렸습니다.
피해자: 저는 그런 계좌를 만든 적이 없습니다.
사기범: 사건번호는 2026형제31122이고, 명의도용 가능성까지 함께 보고 있습니다.
사기범: 본인 계좌를 보호하려면 카카오뱅크와 신한은행 자산부터 점검하셔야 합니다.
피해자: 은행에 직접 문의하면 안 되나요?
사기범: 우선 사용 중인 은행과 잔액부터 확인하시고, 안내하는 순서대로만 움직이시면 됩니다.
피해자: 이상해서 여기서 중단하겠습니다. 제가 직접 확인할게요.
사기범: 조회상 보호 단계가 열려 있어서 본인 확인을 먼저 마쳐야 합니다.
피해자: 네, 알겠습니다.
피해자: 그럼 제가 지금 바로 돈을 움직일 필요는 없다는 말씀이죠?
피해자: 지금 당장 돈을 보내라고만 하는 건 아니죠?
사기범: 지금은 자금 동결 위험 조치 단계라 확인 절차가 먼저입니다. 먼저 조회만 해 주세요.
사기범: 지금은 본인 확인이 먼저이고, 그 다음에 정지 여부가 결정됩니다.
피해자: 지금 바로 결정해야 하는 이유를 다시 설명해 주세요.",yes,0.000000,0.000000,0.0
